level,relative_path,kind,expected_status,expected_pages,expected_ocr_pages,expected_text_layer_pages,sha256,notes,gold_tags
01_medium_robustness,01_medium_robustness/PDF_001_rapport_æøå.pdf,pdf,supported,4,0,4,258667f11ddab3d50c05adb51f33331624cdd188829b648d3a661081da9bea95,"PDF 4 sider, 0 OCR-body-sider",
01_medium_robustness,01_medium_robustness/PDF_002_rapport_æøå.pdf,pdf,supported,5,0,5,6bf42efc0befceb80850bc6af3a1a5b4a22a02dd51f645dd8da9ab5b1b96afe5,"PDF 5 sider, 0 OCR-body-sider",
01_medium_robustness,01_medium_robustness/PDF_003_rapport_æøå.pdf,pdf,supported,6,0,6,519844abe23675ff89c57a81044371233e01f07693dc9df1b5306dcc68de3e75,"PDF 6 sider, 0 OCR-body-sider",
01_medium_robustness,01_medium_robustness/PDF_004_rapport_æøå.pdf,pdf,supported,7,0,7,2e0617ca5d554eb430630efd420df62164aa1743d36001bd91afeda85f2714c0,"PDF 7 sider, 0 OCR-body-sider",
01_medium_robustness,01_medium_robustness/PDF_005_rapport_æøå.pdf,pdf,supported,8,0,8,ecae77887fe530414352d1df1317de17722927beb0b0f77acb69ff34e944b851,"PDF 8 sider, 0 OCR-body-sider",
01_medium_robustness,01_medium_robustness/PDF_006_rapport_æøå.pdf,pdf,supported,9,0,9,07123d0bdeaf06862747706a0fd14ad2a3feb77901d9f74597245aa785f26642,"PDF 9 sider, 0 OCR-body-sider",
01_medium_robustness,01_medium_robustness/PDF_007_rapport_æøå.pdf,pdf,supported,10,0,10,0e8412b44494181d01e9db41ad79d4079420e33e0247cf2e4bfd80ffa69eeea5,"PDF 10 sider, 0 OCR-body-sider",GOLD-001
01_medium_robustness,01_medium_robustness/PDF_008_rapport_æøå.pdf,pdf,supported,3,0,3,2e3ac037f9c2d807780328f3e8041c49a131fb49571e48bb5774ab0d0a5ed3c2,"PDF 3 sider, 0 OCR-body-sider",
01_medium_robustness,01_medium_robustness/PDF_009_rapport_æøå.pdf,pdf,supported,4,0,4,b4cf1c2ea89c2825ca5050b0d48b701d1f72173b2fd78befba47ee3ce66aa101,"PDF 4 sider, 0 OCR-body-sider",
01_medium_robustness,01_medium_robustness/PDF_010_rapport_æøå.pdf,pdf,supported,5,0,5,f4b548b517378cca44509f48c1231b14eb1bf89aa68c2242febb3558d6dcac83,"PDF 5 sider, 0 OCR-body-sider",
01_medium_robustness,01_medium_robustness/PDF_011_rapport_æøå.pdf,pdf,supported,6,0,6,ce440b7e093cede8e4795046b13761571878ecd4e60ec3c29325818a1405d73f,"PDF 6 sider, 0 OCR-body-sider",
01_medium_robustness,01_medium_robustness/PDF_012_rapport_æøå.pdf,pdf,supported,7,0,7,67268a247a88cd30d8f5fb4d44ed5ae8d6b5c704486e3f3655279932f3bdb62e,"PDF 7 sider, 0 OCR-body-sider",
01_medium_robustness,01_medium_robustness/PDF_013_rapport_æøå.pdf,pdf,supported,8,0,8,af6761ef60e6a96a5572efd136cd790cf1549a9b36c5ef99fc76e8d9ce6ddf8e,"PDF 8 sider, 0 OCR-body-sider",
01_medium_robustness,01_medium_robustness/PDF_014_rapport_æøå.pdf,pdf,supported,9,0,9,c0c5eb09d04fb299c6f23509e7cbe46c037bb7704a2f65603959fc2890c1c39e,"PDF 9 sider, 0 OCR-body-sider",
01_medium_robustness,01_medium_robustness/PDF_015_rapport_æøå.pdf,pdf,supported,10,0,10,090dcc1630f1e4e3761704be748f940d63edc4ad0c302607cc69ef9d3584d191,"PDF 10 sider, 0 OCR-body-sider",
01_medium_robustness,01_medium_robustness/PDF_016_rapport_æøå.pdf,pdf,supported,3,0,3,71e82892e93fc3b220f2aea4bd408b75f4ee0536351981e832c6d2a08b38f224,"PDF 3 sider, 0 OCR-body-sider",
01_medium_robustness,01_medium_robustness/PDF_017_rapport_æøå.pdf,pdf,supported,4,0,4,4e988b3384fdcc4e45b7178a62149bf169aefc21c12c25a4d4c03449569447c0,"PDF 4 sider, 0 OCR-body-sider",
01_medium_robustness,01_medium_robustness/PDF_018_rapport_æøå.pdf,pdf,supported,5,0,5,e7b9897cb0ecd4d0f43bae158c6d87e7fc1f47f577f479c4a27b6e1ae937819c,"PDF 5 sider, 0 OCR-body-sider",
01_medium_robustness,01_medium_robustness/PDF_019_rapport_æøå.pdf,pdf,supported,6,0,6,871f9489a4aeafa5ac096e8b866c2fe264cb24829ebac88470d2abcc29e4bb79,"PDF 6 sider, 0 OCR-body-sider",
01_medium_robustness,01_medium_robustness/PDF_020_rapport_æøå.pdf,pdf,supported,7,0,7,4d737f90c1fb3c75a3b5fce517d3dc185d862ac1d7f58fbd4d50fbb3dfb6f86f,"PDF 7 sider, 0 OCR-body-sider",
01_medium_robustness,01_medium_robustness/DOCX_001_møtereferat.docx,docx,supported,3,0,3,3ee6431fab9717cddfa32ed80e24e41df9e89a97530ac1feb12e8236ea295ea0,DOCX med 9 avsnitt,
01_medium_robustness,01_medium_robustness/DOCX_002_møtereferat.docx,docx,supported,3,0,3,cd4173ef76c68025cd5e043f4f80a6987b4aed4c2d400a1213a507fa6c565d3d,DOCX med 10 avsnitt,
01_medium_robustness,01_medium_robustness/DOCX_003_møtereferat.docx,docx,supported,3,0,3,6f644bc27676f90a352a7ce94f6b4d96ebdee113751782d1ea0912634a9d9eb3,DOCX med 11 avsnitt,GOLD-002
01_medium_robustness,01_medium_robustness/DOCX_004_møtereferat.docx,docx,supported,4,0,4,23fdfb6539141961c513654cee64c6b1933e6ce27d604cf034c9555bc5ee5ccd,DOCX med 12 avsnitt,
01_medium_robustness,01_medium_robustness/DOCX_005_møtereferat.docx,docx,supported,4,0,4,e443dbfbc3b35126f62476b00bbc0819570d572efceaaf47ded4c87d7e8ed4fa,DOCX med 13 avsnitt,
01_medium_robustness,01_medium_robustness/DOCX_006_møtereferat.docx,docx,supported,4,0,4,32c9ad87d37cd4127578be6008e6a5f55e7bebb34edf87b9fbed3ab7ec8c38b3,DOCX med 14 avsnitt,
01_medium_robustness,01_medium_robustness/DOCX_007_møtereferat.docx,docx,supported,5,0,5,494295840cedabcd851cefdb97a3b16456883d7f49ea0ce2b15de8d21c4b4aba,DOCX med 15 avsnitt,
01_medium_robustness,01_medium_robustness/DOCX_008_møtereferat.docx,docx,supported,5,0,5,6f9a85342294d9ff51431b7e3648a60420d6b8c5ae9a9178fa14bfa3a7bb2439,DOCX med 16 avsnitt,
01_medium_robustness,01_medium_robustness/CSV_001_transaksjoner_semikolon.csv,csv,supported,1,0,1,f014d82aa7d4c3b6bf47c86e840cb81af5a0322c86d9f0d7157e8cd49e1a5242,CSV med 250 rader,GOLD-009
01_medium_robustness,01_medium_robustness/LOG_001_serverlogg.log,log,supported,1,0,1,4dd3e083aa05a3b027f55e7e9c4ee3be75ad71a2d8e1d7efbf6bb4db87e4401c,LOG med 120 linjer,GOLD-004
01_medium_robustness,01_medium_robustness/TXT_001_lang_linje.txt,txt,supported,1,0,1,804a41dba6991713f7e9481d969645a0ed8f019179d984a8e4d4dc893c1232a7,TXT med 20 linjer,
01_medium_robustness,01_medium_robustness/MD_001_eposttråd.md,md,supported,1,0,1,856bc77b5c774df37fe4e25168f3e38507d1abf73f129e3140e9763e2c3a046f,MD med 80 linjer,
01_medium_robustness,01_medium_robustness/IMG_001_scannet_vedlegg.png,image,requires_ocr,1,1,0,ffc4e8ab87cdaf5a418160be8fd13c16cf8d66095a48fa569f697d31046a3d0a,Bildefil med tekst som krever OCR,
01_medium_robustness,01_medium_robustness/IMG_002_scannet_vedlegg.png,image,requires_ocr,1,1,0,f3735c9bf734e701bfd1a579b3d6e8858497dbd5e0282e9c9f3a8d5cb9548177,Bildefil med tekst som krever OCR,GOLD-013
01_medium_robustness,01_medium_robustness/IMG_003_scannet_vedlegg.png,image,requires_ocr,1,1,0,a46f3d73cda101b3377ed2305a5d7bbf0c0710efd0a6e61ff1ae828af4bba7a4,Bildefil med tekst som krever OCR,
01_medium_robustness,01_medium_robustness/IMG_004_scannet_vedlegg.png,image,requires_ocr,1,1,0,f080523b1903063f2bc16e7ea3f928635788a7c3a2f17ed4f947f06a0b8df841,Bildefil med tekst som krever OCR,
01_medium_robustness,01_medium_robustness/IMG_005_scannet_vedlegg.png,image,requires_ocr,1,1,0,da8e89bfbb90111abf5d3c7008f55d761d0c37b3340d793904cb20fac796cd82,Bildefil med tekst som krever OCR,
01_medium_robustness,01_medium_robustness/IMG_006_scannet_vedlegg.png,image,requires_ocr,1,1,0,e39bb56df8a88af1d03f422754ee81b3981aafcb1f63181d4a36a969602767e2,Bildefil med tekst som krever OCR,
01_medium_robustness,01_medium_robustness/DUPLIKAT_AV_PDF_007_samme_sha.pdf,pdf_duplicate,duplicate_or_supported,10,0,10,0e8412b44494181d01e9db41ad79d4079420e33e0247cf2e4bfd80ffa69eeea5,"Eksakt duplikat av PDF_007, bør oppdages via SHA-256",GOLD-001
01_medium_robustness,01_medium_robustness/ZERO_001_tom_fil.pdf,zero_byte,failed,0,0,0,e3b0c44298fc1c149afbf4c8996fb92427ae41e4649b934ca495991b7852b855,0-byte file should not crash import,
01_medium_robustness,01_medium_robustness/CORRUPT_001_ødelagt.pdf,corrupt_pdf,failed_or_unsupported,0,0,0,5ffec893fb41826795dbe666f833ddbbfd492d82664c3ab3436c05c6517ce8c9,Korrupt PDF skal feile kontrollert,
02_hard_volume_and_mixed_formats,02_hard_volume_and_mixed_formats/batch_A/PDF_HARD_0001_økonomi.pdf,pdf,supported,5,0,5,6c78d44fd6ef6f5759abb4ebbdf19c31b27807472be8d5a2b662332c0283a919,"PDF 5 sider, 0 OCR-body-sider",
02_hard_volume_and_mixed_formats,02_hard_volume_and_mixed_formats/batch_A/PDF_HARD_0002_økonomi.pdf,pdf,supported,6,0,6,cdaadff9faaa48b15d7e3ae2e1705993916de4584f4987b8306afeac2401291e,"PDF 6 sider, 0 OCR-body-sider",
02_hard_volume_and_mixed_formats,02_hard_volume_and_mixed_formats/batch_A/PDF_HARD_0003_økonomi.pdf,pdf,supported,7,0,7,15b223af3619d4a19727f27d1b0804baa87c801b172b07203b560b71a515b5b9,"PDF 7 sider, 0 OCR-body-sider",
02_hard_volume_and_mixed_formats,02_hard_volume_and_mixed_formats/batch_A/PDF_HARD_0004_økonomi.pdf,pdf,supported,8,0,8,bbd2d3f1d878d961186d2a528bc6e1c5c3f5f298f14c839c7fd09d9c6e3b04b1,"PDF 8 sider, 0 OCR-body-sider",
02_hard_volume_and_mixed_formats,02_hard_volume_and_mixed_formats/batch_A/PDF_HARD_0005_økonomi.pdf,pdf,supported,9,0,9,62408bbf197b2eb6775d84b1eb4ef71aeedd7e08ebd7d04280ab02b7336838f9,"PDF 9 sider, 0 OCR-body-sider",
02_hard_volume_and_mixed_formats,02_hard_volume_and_mixed_formats/batch_A/PDF_HARD_0006_økonomi.pdf,pdf,supported,10,0,10,4e8f05071caa899c0a49678258f0b0f1a402255fb29eac3260b10bf077b7dd6d,"PDF 10 sider, 0 OCR-body-sider",
02_hard_volume_and_mixed_formats,02_hard_volume_and_mixed_formats/batch_A/PDF_HARD_0007_økonomi.pdf,pdf,supported,11,0,11,cb27132ddcdcc4300f1db105796363a8994cb4382f5f905286ef13cf3c410a45,"PDF 11 sider, 0 OCR-body-sider",
02_hard_volume_and_mixed_formats,02_hard_volume_and_mixed_formats/batch_A/PDF_HARD_0008_økonomi.pdf,pdf,supported,12,0,12,7b864573d29b580ebcc40f6284c13d3218779bc0f5e4e08a53543fe185c18c61,"PDF 12 sider, 0 OCR-body-sider",
02_hard_volume_and_mixed_formats,02_hard_volume_and_mixed_formats/batch_A/PDF_HARD_0009_økonomi.pdf,pdf,supported,4,0,4,b39d3a5d1a9879cd2e8324e4b57799f6e42a2eca79e0ba2cd50379fcccb0c557,"PDF 4 sider, 0 OCR-body-sider",
02_hard_volume_and_mixed_formats,02_hard_volume_and_mixed_formats/batch_A/PDF_HARD_0010_økonomi.pdf,pdf,supported,5,0,5,0e7ee31b58d3abc5d3b3224abaae3a918a9008faaccd42e43ccb2f074d214566,"PDF 5 sider, 0 OCR-body-sider",
02_hard_volume_and_mixed_formats,02_hard_volume_and_mixed_formats/batch_A/PDF_HARD_0011_økonomi.pdf,pdf,supported,6,0,6,ccc5d95836116dfb01d3f146c7bfea958517672b0a7bc7a4ba8bc7d4bb81332b,"PDF 6 sider, 0 OCR-body-sider",
02_hard_volume_and_mixed_formats,02_hard_volume_and_mixed_formats/batch_A/PDF_HARD_0012_økonomi.pdf,pdf,supported,7,0,7,029f41873588b88c2ba7c920bd29d4a739abb17ff0d11ef7df02b816ce9ec194,"PDF 7 sider, 0 OCR-body-sider",
02_hard_volume_and_mixed_formats,02_hard_volume_and_mixed_formats/batch_A/PDF_HARD_0013_økonomi.pdf,pdf,supported,8,0,8,8d9f87ca4c9b1ce10d9ce688b887bb9f64e17e2e6a6c80c94900544924716013,"PDF 8 sider, 0 OCR-body-sider",
02_hard_volume_and_mixed_formats,02_hard_volume_and_mixed_formats/batch_A/PDF_HARD_0014_økonomi.pdf,pdf,supported,9,0,9,8a770bfffb644a43ab7acf63c784987b9c4627a0a1e51cdba062b763e4a81ffd,"PDF 9 sider, 0 OCR-body-sider",
02_hard_volume_and_mixed_formats,02_hard_volume_and_mixed_formats/batch_A/PDF_HARD_0015_økonomi.pdf,pdf,supported,10,0,10,a6fcb554a98a73961dba889871aa181ba6afcefe151c6e274409a7749a74b912,"PDF 10 sider, 0 OCR-body-sider",
02_hard_volume_and_mixed_formats,02_hard_volume_and_mixed_formats/batch_A/PDF_HARD_0016_økonomi.pdf,pdf,supported,11,0,11,1b1d46756752ed1f5a8abbc357c45be17bb3837fb709b9ec899d962d962e502a,"PDF 11 sider, 0 OCR-body-sider",
02_hard_volume_and_mixed_formats,02_hard_volume_and_mixed_formats/batch_A/PDF_HARD_0017_økonomi.pdf,pdf,supported,12,2,10,608c22a1aa18218a196b23df66a10868ef81b1b00ef620c815c9c63be0810783,"PDF 12 sider, 2 OCR-body-sider",
02_hard_volume_and_mixed_formats,02_hard_volume_and_mixed_formats/batch_A/PDF_HARD_0018_økonomi.pdf,pdf,supported,4,0,4,588fb8c2a01af08e6b48b45f1014955c0bc4cd92a6c07ecccae6d06b836d8d7a,"PDF 4 sider, 0 OCR-body-sider",
02_hard_volume_and_mixed_formats,02_hard_volume_and_mixed_formats/batch_A/PDF_HARD_0019_økonomi.pdf,pdf,supported,5,0,5,2e0b09c5225f1eb17fd83372f322172b63e5cc2c87046a17fd7c6a8d36d340d5,"PDF 5 sider, 0 OCR-body-sider",
02_hard_volume_and_mixed_formats,02_hard_volume_and_mixed_formats/batch_A/PDF_HARD_0020_økonomi.pdf,pdf,supported,6,0,6,faa63930af51ed8a9b7346084e39ecba120111103daa5efbd54494dbc4fc1f21,"PDF 6 sider, 0 OCR-body-sider",
02_hard_volume_and_mixed_formats,02_hard_volume_and_mixed_formats/batch_A/PDF_HARD_0021_økonomi.pdf,pdf,supported,7,0,7,05be15868fa449fba3f46096b0eb4931151f9ea013f1bef551ef96c723a885ec,"PDF 7 sider, 0 OCR-body-sider",
02_hard_volume_and_mixed_formats,02_hard_volume_and_mixed_formats/batch_A/PDF_HARD_0022_økonomi.pdf,pdf,supported,8,0,8,ceee07ed8dc939494f46ebf4514f97730e9ddec0bc26b6e1564c69bd8cae1fde,"PDF 8 sider, 0 OCR-body-sider",
02_hard_volume_and_mixed_formats,02_hard_volume_and_mixed_formats/batch_A/PDF_HARD_0023_økonomi.pdf,pdf,supported,9,0,9,da8ae1f46a2026bd643e22f21bd68acd2ffd01b1754952e934c50f0f5a34dc6c,"PDF 9 sider, 0 OCR-body-sider",
02_hard_volume_and_mixed_formats,02_hard_volume_and_mixed_formats/batch_A/PDF_HARD_0024_økonomi.pdf,pdf,supported,10,0,10,89525908caf97a94451a2c7b3bf348d2502572bc8693f8026ccedce1115abde2,"PDF 10 sider, 0 OCR-body-sider",
02_hard_volume_and_mixed_formats,02_hard_volume_and_mixed_formats/batch_A/PDF_HARD_0025_økonomi.pdf,pdf,supported,11,0,11,173dc87f56350c08fcc30464879188425f89107e1177dc25f1050c28662d4f4b,"PDF 11 sider, 0 OCR-body-sider",
02_hard_volume_and_mixed_formats,02_hard_volume_and_mixed_formats/batch_A/PDF_HARD_0026_økonomi.pdf,pdf,supported,12,0,12,85df96415b53b3a8efd1071d3cb4fa9d24e61a3024e7746699f50429dd597a8b,"PDF 12 sider, 0 OCR-body-sider",
02_hard_volume_and_mixed_formats,02_hard_volume_and_mixed_formats/batch_A/PDF_HARD_0027_økonomi.pdf,pdf,supported,4,0,4,1d59324bc60d21fde0a199fc969151daa1dc30d510af8444b99eb389c79d911f,"PDF 4 sider, 0 OCR-body-sider",
02_hard_volume_and_mixed_formats,02_hard_volume_and_mixed_formats/batch_A/PDF_HARD_0028_økonomi.pdf,pdf,supported,5,0,5,bd49f51694f29ba23bb295f84f344c26bbf78aec3a1db1b13510901af6fe6b3b,"PDF 5 sider, 0 OCR-body-sider",
02_hard_volume_and_mixed_formats,02_hard_volume_and_mixed_formats/batch_A/PDF_HARD_0029_økonomi.pdf,pdf,supported,6,0,6,5a82ba0947a45b7d7831c3ebc224c8382cdf75b3e35bd11fd2699b05ca1bbfb7,"PDF 6 sider, 0 OCR-body-sider",
02_hard_volume_and_mixed_formats,02_hard_volume_and_mixed_formats/batch_A/PDF_HARD_0030_økonomi.pdf,pdf,supported,7,0,7,0acf8090545f2ddbafdb987f872a1768ccc88ab46be6f1e8d02d68156e54ec10,"PDF 7 sider, 0 OCR-body-sider",
02_hard_volume_and_mixed_formats,02_hard_volume_and_mixed_formats/batch_A/PDF_HARD_0031_økonomi.pdf,pdf,supported,8,0,8,ce8e557197534593d71c65c5f5a640061a6e6af3eb251947cd524e320f21701d,"PDF 8 sider, 0 OCR-body-sider",
02_hard_volume_and_mixed_formats,02_hard_volume_and_mixed_formats/batch_A/PDF_HARD_0032_økonomi.pdf,pdf,supported,9,0,9,a80fd03b7ae939e137865c664e50597029865e3f6890f9529dd8321b9c4d70a8,"PDF 9 sider, 0 OCR-body-sider",
02_hard_volume_and_mixed_formats,02_hard_volume_and_mixed_formats/batch_A/PDF_HARD_0033_økonomi.pdf,pdf,supported,10,0,10,c089b001879599f0ccbc86e8c46f147c70a9dbb5e80c3f8750c366b6f4f69b2c,"PDF 10 sider, 0 OCR-body-sider",GOLD-003
02_hard_volume_and_mixed_formats,02_hard_volume_and_mixed_formats/batch_A/PDF_HARD_0034_økonomi.pdf,pdf,supported,11,2,9,30e841cca0be18c67748bb94501cc887601aad79dadcc50a8df142df77eab32c,"PDF 11 sider, 2 OCR-body-sider",
02_hard_volume_and_mixed_formats,02_hard_volume_and_mixed_formats/batch_A/PDF_HARD_0035_økonomi.pdf,pdf,supported,12,0,12,0679334eb04a795e5214b83f6d807dcab76d38e03285aec52d6cdec982781aab,"PDF 12 sider, 0 OCR-body-sider",
02_hard_volume_and_mixed_formats,02_hard_volume_and_mixed_formats/batch_A/PDF_HARD_0036_økonomi.pdf,pdf,supported,4,0,4,7cd09407f3df37b132ddba354c849374a239ea2f52143ab4bdd14e8aee2ae0d8,"PDF 4 sider, 0 OCR-body-sider",
02_hard_volume_and_mixed_formats,02_hard_volume_and_mixed_formats/batch_A/PDF_HARD_0037_økonomi.pdf,pdf,supported,5,0,5,dba9774218aed3062f54ce81af66eb2fec82bbf3bc69e20a3addac21e3b3d3c2,"PDF 5 sider, 0 OCR-body-sider",
02_hard_volume_and_mixed_formats,02_hard_volume_and_mixed_formats/batch_A/PDF_HARD_0038_økonomi.pdf,pdf,supported,6,0,6,b8fcdf0fd2af6ac8c303ff1b575379b5143292208efaa5cb870c583411ef4281,"PDF 6 sider, 0 OCR-body-sider",
02_hard_volume_and_mixed_formats,02_hard_volume_and_mixed_formats/batch_A/PDF_HARD_0039_økonomi.pdf,pdf,supported,7,0,7,a6deeb0937817c7be273f79012500fb900166b6ce0a196361fa72db806948a82,"PDF 7 sider, 0 OCR-body-sider",
02_hard_volume_and_mixed_formats,02_hard_volume_and_mixed_formats/batch_A/PDF_HARD_0040_økonomi.pdf,pdf,supported,8,0,8,3b9fd414265b7e77c7432e94809b92a8fe2b9c7955e753fc9d055f002665caa0,"PDF 8 sider, 0 OCR-body-sider",
02_hard_volume_and_mixed_formats,02_hard_volume_and_mixed_formats/batch_A/PDF_HARD_0041_økonomi.pdf,pdf,supported,9,0,9,b31cb247944c16a736b0db7faf08584d47860659e095f06b23988d4a7de91f5c,"PDF 9 sider, 0 OCR-body-sider",
02_hard_volume_and_mixed_formats,02_hard_volume_and_mixed_formats/batch_A/PDF_HARD_0042_økonomi.pdf,pdf,supported,10,0,10,6974b8b5c129af3798b7c135c4e08511a4cd4cd949368c9ba1222a0bd044d65d,"PDF 10 sider, 0 OCR-body-sider",
02_hard_volume_and_mixed_formats,02_hard_volume_and_mixed_formats/batch_A/PDF_HARD_0043_økonomi.pdf,pdf,supported,11,0,11,c03cef41b2611f5713e3acbaa124eb4237474c623906dafd0b4972abf6875d7b,"PDF 11 sider, 0 OCR-body-sider",
02_hard_volume_and_mixed_formats,02_hard_volume_and_mixed_formats/batch_A/PDF_HARD_0044_økonomi.pdf,pdf,supported,12,0,12,933359da7a98b3ce0489233181ef60a34f86830b45cd70da44bcdf67f96c67a9,"PDF 12 sider, 0 OCR-body-sider",
02_hard_volume_and_mixed_formats,02_hard_volume_and_mixed_formats/batch_A/PDF_HARD_0045_økonomi.pdf,pdf,supported,4,0,4,a3714e3315e1ecb2dd460b42013074243c1d855bf7d384fae2dec5a5a61c92c3,"PDF 4 sider, 0 OCR-body-sider",
02_hard_volume_and_mixed_formats,02_hard_volume_and_mixed_formats/batch_A/PDF_HARD_0046_økonomi.pdf,pdf,supported,5,0,5,c4627133b3a0892ff3cf050df45feff964903dc888e2925445af82bbb52018c6,"PDF 5 sider, 0 OCR-body-sider",
02_hard_volume_and_mixed_formats,02_hard_volume_and_mixed_formats/batch_A/PDF_HARD_0047_økonomi.pdf,pdf,supported,6,0,6,f57f52fe98d74215d5c92dc3f73996d9b85c033931633246f6f32e9d3d2b3033,"PDF 6 sider, 0 OCR-body-sider",
02_hard_volume_and_mixed_formats,02_hard_volume_and_mixed_formats/batch_A/PDF_HARD_0048_økonomi.pdf,pdf,supported,7,0,7,a16850732f54a7ad97646ddce2a296bee71d7f7cd63f78ae0c16dd65f8482de2,"PDF 7 sider, 0 OCR-body-sider",
02_hard_volume_and_mixed_formats,02_hard_volume_and_mixed_formats/batch_A/PDF_HARD_0049_økonomi.pdf,pdf,supported,8,0,8,8cdb1c11481a96e47c8ae885f4f9e6603ab0d564bb13710a6a3fd8231e0d2a6a,"PDF 8 sider, 0 OCR-body-sider",
02_hard_volume_and_mixed_formats,02_hard_volume_and_mixed_formats/batch_A/PDF_HARD_0050_økonomi.pdf,pdf,supported,9,0,9,8cfccd601ff0d55a5ba081483380038da437f56f0939b1a12281bea119ff6004,"PDF 9 sider, 0 OCR-body-sider",
02_hard_volume_and_mixed_formats,02_hard_volume_and_mixed_formats/batch_A/PDF_HARD_0051_økonomi.pdf,pdf,supported,10,2,8,d3dde752bccbb5faa588dd4bf18e1fabe5e0f56858a118fd08a379a1fc1cd59a,"PDF 10 sider, 2 OCR-body-sider",
02_hard_volume_and_mixed_formats,02_hard_volume_and_mixed_formats/batch_A/PDF_HARD_0052_økonomi.pdf,pdf,supported,11,0,11,df61d9b6434d1bca31c4254f1e6469bcc43eefe95d407de294c7769b08cc30d0,"PDF 11 sider, 0 OCR-body-sider",
02_hard_volume_and_mixed_formats,02_hard_volume_and_mixed_formats/batch_A/PDF_HARD_0053_økonomi.pdf,pdf,supported,12,0,12,f05c18f68f95df669da5470578c5a538e87e6e17c7bba822d18ef627e0a84bbb,"PDF 12 sider, 0 OCR-body-sider",
02_hard_volume_and_mixed_formats,02_hard_volume_and_mixed_formats/batch_A/PDF_HARD_0054_økonomi.pdf,pdf,supported,4,0,4,2b7a73bed9147c55a48b24307787cb27b6e0634843dabaadb0a30dfa6cf38216,"PDF 4 sider, 0 OCR-body-sider",
02_hard_volume_and_mixed_formats,02_hard_volume_and_mixed_formats/batch_A/PDF_HARD_0055_økonomi.pdf,pdf,supported,5,0,5,b140dae265b65c7cf44b7aa96370d8b7b140ae70b9f6dbd907cafbe9c0b9bc82,"PDF 5 sider, 0 OCR-body-sider",
02_hard_volume_and_mixed_formats,02_hard_volume_and_mixed_formats/batch_A/PDF_HARD_0056_økonomi.pdf,pdf,supported,6,0,6,4ed8879dfa05097c65c6ea3e4fb0837e216494374fbf912ed39df3f743ea59cb,"PDF 6 sider, 0 OCR-body-sider",
02_hard_volume_and_mixed_formats,02_hard_volume_and_mixed_formats/batch_A/PDF_HARD_0057_økonomi.pdf,pdf,supported,7,0,7,9df1a9468928326be5bd5973ad00fac322d660ab18d7d002e8c8e80e0a3dfde4,"PDF 7 sider, 0 OCR-body-sider",
02_hard_volume_and_mixed_formats,02_hard_volume_and_mixed_formats/batch_A/PDF_HARD_0058_økonomi.pdf,pdf,supported,8,0,8,e4a2463296ae0aed6b777c68881505686ee8acdf7d74f16f6016ea6c66e93431,"PDF 8 sider, 0 OCR-body-sider",
02_hard_volume_and_mixed_formats,02_hard_volume_and_mixed_formats/batch_A/PDF_HARD_0059_økonomi.pdf,pdf,supported,9,0,9,ace3561186365ec5c7d7ebc26cfede868267e96e7e95b9399129e5ec93cec197,"PDF 9 sider, 0 OCR-body-sider",
02_hard_volume_and_mixed_formats,02_hard_volume_and_mixed_formats/batch_A/PDF_HARD_0060_økonomi.pdf,pdf,supported,10,0,10,988ba8d7141a6181f736bd153f77831624620b8ed544c8275ca91a3aa1589af9,"PDF 10 sider, 0 OCR-body-sider",
02_hard_volume_and_mixed_formats,02_hard_volume_and_mixed_formats/batch_B/DOCX_HARD_0001_avhør.docx,docx,supported,3,0,3,555a196c74883f9b7bd127c274ef8dfe8398bf5ec6eee19f864a4d62c4e7ca47,DOCX med 11 avsnitt,
02_hard_volume_and_mixed_formats,02_hard_volume_and_mixed_formats/batch_B/DOCX_HARD_0002_avhør.docx,docx,supported,4,0,4,3307c8a9cd801cfc1f40d2efc72446d0db39fe320e4fa247b097ab37d51f4f38,DOCX med 12 avsnitt,
02_hard_volume_and_mixed_formats,02_hard_volume_and_mixed_formats/batch_B/DOCX_HARD_0003_avhør.docx,docx,supported,4,0,4,b62ed3eb420bbbcd4f04f6ecc19b775b824cc6aceb4e0552cb16948e78355167,DOCX med 13 avsnitt,
02_hard_volume_and_mixed_formats,02_hard_volume_and_mixed_formats/batch_B/DOCX_HARD_0004_avhør.docx,docx,supported,4,0,4,1ab24150ca312e58bed503410de977c9799e724091a3545893076f8cec78d01e,DOCX med 14 avsnitt,
02_hard_volume_and_mixed_formats,02_hard_volume_and_mixed_formats/batch_B/DOCX_HARD_0005_avhør.docx,docx,supported,3,0,3,79b8d47c438c4b93f3b70ac090078078da17861cedb58d2806318f8b06246228,DOCX med 10 avsnitt,
02_hard_volume_and_mixed_formats,02_hard_volume_and_mixed_formats/batch_B/DOCX_HARD_0006_avhør.docx,docx,supported,3,0,3,bb854e78ef8a6c2d572d6afae5bbb06cff2e7161a52cfc10202a0a0743ef687d,DOCX med 11 avsnitt,
02_hard_volume_and_mixed_formats,02_hard_volume_and_mixed_formats/batch_B/DOCX_HARD_0007_avhør.docx,docx,supported,4,0,4,5c898e8ded5a81a0201e72452afe52c9d98310eec1ca9c746da57bb5af993243,DOCX med 12 avsnitt,
02_hard_volume_and_mixed_formats,02_hard_volume_and_mixed_formats/batch_B/DOCX_HARD_0008_avhør.docx,docx,supported,4,0,4,6131286382d1bc8270babd4156fe65ec7a1d7d51421214c2a91f03854eafaaa9,DOCX med 13 avsnitt,
02_hard_volume_and_mixed_formats,02_hard_volume_and_mixed_formats/batch_B/DOCX_HARD_0009_avhør.docx,docx,supported,4,0,4,31d639df5907e2f03cab1cde6b2e643a702013babe701e234829de5025ecc1ef,DOCX med 14 avsnitt,
02_hard_volume_and_mixed_formats,02_hard_volume_and_mixed_formats/batch_B/DOCX_HARD_0010_avhør.docx,docx,supported,3,0,3,800789ce23902e8b92b1ef7e167673701846135a54fdf89e0b827bd387c959bc,DOCX med 10 avsnitt,
02_hard_volume_and_mixed_formats,02_hard_volume_and_mixed_formats/batch_B/DOCX_HARD_0011_avhør.docx,docx,supported,3,0,3,28625f14f162f2434d0e6ed841aeb9f3e10a4c967b003bf0a498bb74bb99a9d3,DOCX med 11 avsnitt,GOLD-005
02_hard_volume_and_mixed_formats,02_hard_volume_and_mixed_formats/batch_B/DOCX_HARD_0012_avhør.docx,docx,supported,4,0,4,351d63c9a279fe2a03bdc43d744e7663e373feca05369feecafcb9743e3274a0,DOCX med 12 avsnitt,
02_hard_volume_and_mixed_formats,02_hard_volume_and_mixed_formats/batch_B/DOCX_HARD_0013_avhør.docx,docx,supported,4,0,4,c0d6b1a70f870a3adae05b5f3d0d95679744d7be1b60f07c668376e717497074,DOCX med 13 avsnitt,
02_hard_volume_and_mixed_formats,02_hard_volume_and_mixed_formats/batch_B/DOCX_HARD_0014_avhør.docx,docx,supported,4,0,4,eb31f445fb89e1bd71241db7dc4aa8045ec2fd6010d0d3ee8f6e91f1ddf9e039,DOCX med 14 avsnitt,
02_hard_volume_and_mixed_formats,02_hard_volume_and_mixed_formats/batch_B/DOCX_HARD_0015_avhør.docx,docx,supported,3,0,3,4c9d0cbd2706e971165e2ba89e8920a92d6a6f78a523aaf042ece27bfe604ce2,DOCX med 10 avsnitt,
02_hard_volume_and_mixed_formats,02_hard_volume_and_mixed_formats/batch_C/CSV_HARD_0001_banktransaksjoner.csv,csv,supported,1,0,1,c076543ec118a2e5f4105f981b0ddbcc0abfc031e579b942f03671bd4896e286,CSV med 510 rader,
02_hard_volume_and_mixed_formats,02_hard_volume_and_mixed_formats/batch_C/CSV_HARD_0002_banktransaksjoner.csv,csv,supported,1,0,1,0cd03e35b655fe4c808772f6a7f0599510f00015929ffd8df1c71125029b7d45,CSV med 520 rader,
02_hard_volume_and_mixed_formats,02_hard_volume_and_mixed_formats/batch_C/CSV_HARD_0003_banktransaksjoner.csv,csv,supported,1,0,1,11cceaf42914e70a87668857ec7f79f8bb7ecd1835ad41502d2638677a5a79ea,CSV med 530 rader,
02_hard_volume_and_mixed_formats,02_hard_volume_and_mixed_formats/batch_C/CSV_HARD_0004_banktransaksjoner.csv,csv,supported,1,0,1,0204d2a21f6065b80eeb39ace7f0f0abbcea6a27f4aa00abd0e2b06070df1b22,CSV med 540 rader,
02_hard_volume_and_mixed_formats,02_hard_volume_and_mixed_formats/batch_C/CSV_HARD_0005_banktransaksjoner.csv,csv,supported,1,0,1,b8ef175878ab0b17fcb912e3f88346af3be22de105fa5b3d8900aba0edfa9466,CSV med 550 rader,
02_hard_volume_and_mixed_formats,02_hard_volume_and_mixed_formats/batch_C/CSV_HARD_0006_banktransaksjoner.csv,csv,supported,1,0,1,7e670054be0bebaa278b60992eb8d0441feb4b1cbca39f329e48b90d83925e67,CSV med 560 rader,
02_hard_volume_and_mixed_formats,02_hard_volume_and_mixed_formats/batch_C/CSV_HARD_0007_banktransaksjoner.csv,csv,supported,1,0,1,6bd12d99375d2071ae85671bcdf946fd8aad163868cdc5d6a1c04d318e48645b,CSV med 570 rader,
02_hard_volume_and_mixed_formats,02_hard_volume_and_mixed_formats/batch_C/CSV_HARD_0008_banktransaksjoner.csv,csv,supported,1,0,1,399dc73d1fc48bc1f1007df10c01bf574cb6309f0aa9d4bd1234d9f3ed80b16c,CSV med 580 rader,
02_hard_volume_and_mixed_formats,02_hard_volume_and_mixed_formats/batch_C/CSV_HARD_0009_banktransaksjoner.csv,csv,supported,1,0,1,469078b4820ae4aa7fadb3b80d6896a6be0ec8f18c8862e89cd9e483bbc319fc,CSV med 590 rader,GOLD-011
02_hard_volume_and_mixed_formats,02_hard_volume_and_mixed_formats/batch_C/CSV_HARD_0010_banktransaksjoner.csv,csv,supported,1,0,1,4a6295f5f28e1d74d8744e380b5575e66628ad0e1f623dc6dcdae8e869cf43ed,CSV med 600 rader,
02_hard_volume_and_mixed_formats,02_hard_volume_and_mixed_formats/batch_C/CSV_HARD_0011_banktransaksjoner.csv,csv,supported,1,0,1,502376f56a2076f7280a5006a568242ffcf137521ee841a8cd7a891ddd6f3584,CSV med 610 rader,
02_hard_volume_and_mixed_formats,02_hard_volume_and_mixed_formats/batch_C/CSV_HARD_0012_banktransaksjoner.csv,csv,supported,1,0,1,b2fcd0e5a2cd684e1638bbac9035bcb80510efdd69d8183f56a115dbc72ad29f,CSV med 620 rader,
02_hard_volume_and_mixed_formats,02_hard_volume_and_mixed_formats/batch_C/CSV_HARD_0013_banktransaksjoner.csv,csv,supported,1,0,1,9d05b1ce44378958dc1ebdc95dc7e911cba2a4da1031896da8b0e810a8b17064,CSV med 630 rader,
02_hard_volume_and_mixed_formats,02_hard_volume_and_mixed_formats/batch_C/CSV_HARD_0014_banktransaksjoner.csv,csv,supported,1,0,1,15b3e8ecdb5a87dd7c86e85675570488ffed96e7f8b4a9b4f159a1dfbbb601a8,CSV med 640 rader,
02_hard_volume_and_mixed_formats,02_hard_volume_and_mixed_formats/batch_C/CSV_HARD_0015_banktransaksjoner.csv,csv,supported,1,0,1,8e513d00245fc6717fcf22cc01fc35a20b2e4eb194e1f30e3f65db33110df535,CSV med 650 rader,
02_hard_volume_and_mixed_formats,02_hard_volume_and_mixed_formats/batch_D/LOGTXT_HARD_0001.log,log,supported,1,0,1,46158e3dfa41a067a3410dbb327ed88a9a5390270e194c9a870c7c41fd8e69a8,LOG med 180 linjer,
02_hard_volume_and_mixed_formats,02_hard_volume_and_mixed_formats/batch_D/LOGTXT_HARD_0002.txt,txt,supported,1,0,1,62239b90f86eb11d5f93c9223a1c6cff29abe06b309093f71fa8737e48062f44,TXT med 180 linjer,
02_hard_volume_and_mixed_formats,02_hard_volume_and_mixed_formats/batch_D/LOGTXT_HARD_0003.log,log,supported,1,0,1,9da3cc92a16f9c087795df1a89022a67a4fcaabfd3e6fef98ce5ab7e513cc54b,LOG med 180 linjer,
02_hard_volume_and_mixed_formats,02_hard_volume_and_mixed_formats/batch_D/LOGTXT_HARD_0004.txt,txt,supported,1,0,1,1324f5e06da794061a5a34387ca732b81b0615d8bc0014d8a75ce508452b447b,TXT med 180 linjer,
02_hard_volume_and_mixed_formats,02_hard_volume_and_mixed_formats/batch_D/LOGTXT_HARD_0005.log,log,supported,1,0,1,a7708c32ca0b3cf938fb11058a705095d66f88ab5a0e5052d659a92177bdea9b,LOG med 180 linjer,
02_hard_volume_and_mixed_formats,02_hard_volume_and_mixed_formats/batch_D/LOGTXT_HARD_0006.txt,txt,supported,1,0,1,db585d6abfacb83c5351e157457a26dc288dd16d6982d511ebd8b0720dee37f1,TXT med 180 linjer,
02_hard_volume_and_mixed_formats,02_hard_volume_and_mixed_formats/batch_D/LOGTXT_HARD_0007.log,log,supported,1,0,1,9daa74e1724e2961cd0b93a46a633987d814bbfa56a355cc965105867aad3ede,LOG med 180 linjer,
02_hard_volume_and_mixed_formats,02_hard_volume_and_mixed_formats/batch_D/LOGTXT_HARD_0008.txt,txt,supported,1,0,1,c4e01d5ba130dcd983c36adef352b870310cc99350acb266ca9df56068e47d03,TXT med 180 linjer,GOLD-007
02_hard_volume_and_mixed_formats,02_hard_volume_and_mixed_formats/batch_D/LOGTXT_HARD_0009.log,log,supported,1,0,1,a0d9c799936df87e4142f94e16764890524ecbd8e29b70eee0d777296badb3c7,LOG med 180 linjer,
02_hard_volume_and_mixed_formats,02_hard_volume_and_mixed_formats/batch_D/LOGTXT_HARD_0010.txt,txt,supported,1,0,1,d6fc4f0289581129e1a087b4dca49099fac61513207e6c80d9c622567de23592,TXT med 180 linjer,
02_hard_volume_and_mixed_formats,02_hard_volume_and_mixed_formats/batch_E/IMG_HARD_0001_scan.jpg,image,requires_ocr,1,1,0,89b43f323a1ed1af488757418d673bf0b1d6afc567f9757ad926b12392dd2a93,Bildefil med tekst som krever OCR,
02_hard_volume_and_mixed_formats,02_hard_volume_and_mixed_formats/batch_E/IMG_HARD_0002_scan.jpg,image,requires_ocr,1,1,0,d56377139a61d7d5309a8c1afefc0740dab9465ffb2aa31ea59a97e8101743ed,Bildefil med tekst som krever OCR,
02_hard_volume_and_mixed_formats,02_hard_volume_and_mixed_formats/batch_E/IMG_HARD_0003_scan.jpg,image,requires_ocr,1,1,0,06b2f8a7e8e31295333aa3536889d949f6cda93755220d830adeae796676c082,Bildefil med tekst som krever OCR,
02_hard_volume_and_mixed_formats,02_hard_volume_and_mixed_formats/batch_E/IMG_HARD_0004_scan.jpg,image,requires_ocr,1,1,0,b270865f01caf066205a7fd5c3d72c4b497225035e8b799977937b814fe6770b,Bildefil med tekst som krever OCR,
02_hard_volume_and_mixed_formats,02_hard_volume_and_mixed_formats/batch_E/IMG_HARD_0005_scan.jpg,image,requires_ocr,1,1,0,ed41a4a1dcd3788b32e6e75a18d0c6cda3f58028fd61e606158b2c2751b652a0,Bildefil med tekst som krever OCR,
02_hard_volume_and_mixed_formats,02_hard_volume_and_mixed_formats/batch_E/IMG_HARD_0006_scan.jpg,image,requires_ocr,1,1,0,4f19790dbe7d06fc806e2338e044d527d0971a7a9b01583cdf0631b34d5b93e1,Bildefil med tekst som krever OCR,
02_hard_volume_and_mixed_formats,02_hard_volume_and_mixed_formats/batch_E/IMG_HARD_0007_scan.jpg,image,requires_ocr,1,1,0,9b497cec4d21099a68f596b0e003f4d5bb29bf58584455cc5e43275462a2bcbf,Bildefil med tekst som krever OCR,
02_hard_volume_and_mixed_formats,02_hard_volume_and_mixed_formats/batch_E/IMG_HARD_0008_scan.jpg,image,requires_ocr,1,1,0,16e7e94d05e63a961a269f0a509ef93be606cc779bfc2bc5edf42177607da85c,Bildefil med tekst som krever OCR,
02_hard_volume_and_mixed_formats,02_hard_volume_and_mixed_formats/batch_E/IMG_HARD_0009_scan.jpg,image,requires_ocr,1,1,0,3b6b1c5b6bb1eadcf12db6c588fb8a0fcd2938140f2773d5d78e959790b2c7b2,Bildefil med tekst som krever OCR,
02_hard_volume_and_mixed_formats,02_hard_volume_and_mixed_formats/batch_E/IMG_HARD_0010_scan.jpg,image,requires_ocr,1,1,0,745e57f9cccb57ad8854d65906e40dd24a3cb8a977f08579c1b444c357ea5dca,Bildefil med tekst som krever OCR,
02_hard_volume_and_mixed_formats,02_hard_volume_and_mixed_formats/bad/CORRUPT_HARD_001.pdf,corrupt_pdf,failed_or_unsupported,0,0,0,8196a71510f9b1658f7ca10543d55ce191033e2a9945920882ea960061ce85a8,Korrupt PDF i hard level,
02_hard_volume_and_mixed_formats,02_hard_volume_and_mixed_formats/bad/CORRUPT_HARD_002.pdf,corrupt_pdf,failed_or_unsupported,0,0,0,8000993a4d740cac2e73dcefad9c8d202c7000f26f721d4a1c19622c62570971,Korrupt PDF i hard level,
02_hard_volume_and_mixed_formats,02_hard_volume_and_mixed_formats/bad/CORRUPT_HARD_003.pdf,corrupt_pdf,failed_or_unsupported,0,0,0,1cdf3b2cb97402520ef3e7a30efeebcb71dca5c57bd1dc64d9608e3d84d0d7d4,Korrupt PDF i hard level,
02_hard_volume_and_mixed_formats,02_hard_volume_and_mixed_formats/bad/CORRUPT_HARD_004.pdf,corrupt_pdf,failed_or_unsupported,0,0,0,6c0e49fe6654a92064e811d7253880b910c33f1533470959d73da288767d0b00,Korrupt PDF i hard level,
02_hard_volume_and_mixed_formats,02_hard_volume_and_mixed_formats/bad/CORRUPT_HARD_005.pdf,corrupt_pdf,failed_or_unsupported,0,0,0,3a4a9d3a6f60a2a1901f2d534b568e57925fd5b363a29ca720d6a83e4048dc49,Korrupt PDF i hard level,
02_hard_volume_and_mixed_formats,02_hard_volume_and_mixed_formats/bad/CORRUPT_HARD_006.pdf,corrupt_pdf,failed_or_unsupported,0,0,0,55044e2acee00f7c208ef7c7a8a1b27118b3ec53cb72f8375e5d60f350dfa99c,Korrupt PDF i hard level,
02_hard_volume_and_mixed_formats,02_hard_volume_and_mixed_formats/bad/CORRUPT_HARD_007.pdf,corrupt_pdf,failed_or_unsupported,0,0,0,e5bbe58d00c9bff95f249f36e8a709b1bf2dd42010f7f09c62ed0fbe2596012a,Korrupt PDF i hard level,
02_hard_volume_and_mixed_formats,02_hard_volume_and_mixed_formats/bad/CORRUPT_HARD_008.pdf,corrupt_pdf,failed_or_unsupported,0,0,0,a4e1b7f30cd3878fc09f10e806f0d234754f833b7fe167ca9283c80058b6abad,Korrupt PDF i hard level,
02_hard_volume_and_mixed_formats,02_hard_volume_and_mixed_formats/bad/CORRUPT_HARD_009.pdf,corrupt_pdf,failed_or_unsupported,0,0,0,99877718e3e5edb776e746da2783a444e8c174879b1423ea9dbe2ac1e64bad84,Korrupt PDF i hard level,
02_hard_volume_and_mixed_formats,02_hard_volume_and_mixed_formats/bad/CORRUPT_HARD_010.pdf,corrupt_pdf,failed_or_unsupported,0,0,0,92b788236654401039ed72f5d13fb1b8c68a6b135759384c21740e0cc4a76f15,Korrupt PDF i hard level,
02_hard_volume_and_mixed_formats,02_hard_volume_and_mixed_formats/bad/ZERO_HARD_001.txt,zero_byte,failed,0,0,0,e3b0c44298fc1c149afbf4c8996fb92427ae41e4649b934ca495991b7852b855,0-byte file should not crash import,
02_hard_volume_and_mixed_formats,02_hard_volume_and_mixed_formats/bad/ZERO_HARD_002.txt,zero_byte,failed,0,0,0,e3b0c44298fc1c149afbf4c8996fb92427ae41e4649b934ca495991b7852b855,0-byte file should not crash import,
02_hard_volume_and_mixed_formats,02_hard_volume_and_mixed_formats/bad/ZERO_HARD_003.txt,zero_byte,failed,0,0,0,e3b0c44298fc1c149afbf4c8996fb92427ae41e4649b934ca495991b7852b855,0-byte file should not crash import,
02_hard_volume_and_mixed_formats,02_hard_volume_and_mixed_formats/bad/ZERO_HARD_004.txt,zero_byte,failed,0,0,0,e3b0c44298fc1c149afbf4c8996fb92427ae41e4649b934ca495991b7852b855,0-byte file should not crash import,
02_hard_volume_and_mixed_formats,02_hard_volume_and_mixed_formats/bad/ZERO_HARD_005.txt,zero_byte,failed,0,0,0,e3b0c44298fc1c149afbf4c8996fb92427ae41e4649b934ca495991b7852b855,0-byte file should not crash import,
03_extreme_casefolder,03_extreme_casefolder/single_large/EXTREME_SINGLE_2000_sider_mixed_text_ocr.pdf,pdf,supported,2000,20,1980,b0f6f5e60c171039e67a7b3f6d715aabf6996d4506db2fad26285c1cfd3367cd,"PDF 2000 sider, 20 OCR-body-sider",
03_extreme_casefolder,03_extreme_casefolder/pdf_batches/batch_01/EXT_PDF_00001_saksdokument_med_langt_filnavn_æøå_X.pdf,pdf,supported,7,0,7,80d0a8889569bd5e694a27a5e5ca7f45ce2897c186a9a24ed54a864b73d1c527,"PDF 7 sider, 0 OCR-body-sider",
03_extreme_casefolder,03_extreme_casefolder/pdf_batches/batch_01/EXT_PDF_00002_saksdokument_med_langt_filnavn_æøå_XX.pdf,pdf,supported,8,0,8,2c2344cfa97064382292d20bbcd57a5ebae5791fb6e304fa48a053608eb10165,"PDF 8 sider, 0 OCR-body-sider",
03_extreme_casefolder,03_extreme_casefolder/pdf_batches/batch_01/EXT_PDF_00003_saksdokument_med_langt_filnavn_æøå_XXX.pdf,pdf,supported,9,0,9,1f749c91955173cc8f67e2a5470e6cc3f25a9819ef8ed647cd8265e622b6ebe5,"PDF 9 sider, 0 OCR-body-sider",
03_extreme_casefolder,03_extreme_casefolder/pdf_batches/batch_01/EXT_PDF_00004_saksdokument_med_langt_filnavn_æøå_XXXX.pdf,pdf,supported,10,0,10,8d71cb190ed72150518c8de91316f588fa75ec9bbe651e11f1fbc32931e708a1,"PDF 10 sider, 0 OCR-body-sider",
03_extreme_casefolder,03_extreme_casefolder/pdf_batches/batch_01/EXT_PDF_00005_saksdokument_med_langt_filnavn_æøå_XXXXX.pdf,pdf,supported,11,0,11,f643af43900852ce05b263e944a2f1a32a9fb2e948b1754e9a70dc87e2cd577f,"PDF 11 sider, 0 OCR-body-sider",
03_extreme_casefolder,03_extreme_casefolder/pdf_batches/batch_01/EXT_PDF_00006_saksdokument_med_langt_filnavn_æøå_XXXXXX.pdf,pdf,supported,12,0,12,2a48a30fb09d0e1fd4801d8a46b7deb3ce40d59688ac881b06d9e0d9c35ef64b,"PDF 12 sider, 0 OCR-body-sider",
03_extreme_casefolder,03_extreme_casefolder/pdf_batches/batch_01/EXT_PDF_00007_saksdokument_med_langt_filnavn_æøå_XXXXXXX.pdf,pdf,supported,13,0,13,340821908f7cdd53eed23a30e29aabd8e793b010418a970b9384cdec94d97474,"PDF 13 sider, 0 OCR-body-sider",
03_extreme_casefolder,03_extreme_casefolder/pdf_batches/batch_01/EXT_PDF_00008_saksdokument_med_langt_filnavn_æøå_XXXXXXXX.pdf,pdf,supported,6,0,6,1988659bffdc4de2fffedbc246c2112ad8d98568722386713d72613488034043,"PDF 6 sider, 0 OCR-body-sider",
03_extreme_casefolder,03_extreme_casefolder/pdf_batches/batch_01/EXT_PDF_00009_saksdokument_med_langt_filnavn_æøå_XXXXXXXXX.pdf,pdf,supported,7,0,7,8735596dae6a6ecd11a5edc346d49356393060251456fc7a6ccdd65ae921dbc2,"PDF 7 sider, 0 OCR-body-sider",
03_extreme_casefolder,03_extreme_casefolder/pdf_batches/batch_01/EXT_PDF_00010_saksdokument_med_langt_filnavn_æøå_XXXXXXXXXX.pdf,pdf,supported,8,0,8,4ad5b6c3a78b5b597cc22fc0b9f42a2db1003ec23ece2461abf748cc3d8aee16,"PDF 8 sider, 0 OCR-body-sider",
03_extreme_casefolder,03_extreme_casefolder/pdf_batches/batch_01/EXT_PDF_00011_saksdokument_med_langt_filnavn_æøå_XXXXXXXXXXX.pdf,pdf,supported,9,0,9,e09c8be50f54949df494ed47a7e7063242e18e1e7fcedc4770ac5d96703c1496,"PDF 9 sider, 0 OCR-body-sider",
03_extreme_casefolder,03_extreme_casefolder/pdf_batches/batch_01/EXT_PDF_00012_saksdokument_med_langt_filnavn_æøå_XXXXXXXXXXXX.pdf,pdf,supported,10,0,10,98df98253553ed6c9e1d158fc100e0592bc6a246b17f5ed0cafb12c3e3a37947,"PDF 10 sider, 0 OCR-body-sider",
03_extreme_casefolder,03_extreme_casefolder/pdf_batches/batch_01/EXT_PDF_00013_saksdokument_med_langt_filnavn_æøå_XXXXXXXXXXXXX.pdf,pdf,supported,11,0,11,a7052918e887c8146c94407d4108f19ccc6e9b02e33e91d934b191d813e9094a,"PDF 11 sider, 0 OCR-body-sider",
03_extreme_casefolder,03_extreme_casefolder/pdf_batches/batch_01/EXT_PDF_00014_saksdokument_med_langt_filnavn_æøå_XXXXXXXXXXXXXX.pdf,pdf,supported,12,0,12,fb593de6c37f687484369bb7e7af663ebc6786549c1b6f3cebcb811dd01ea98e,"PDF 12 sider, 0 OCR-body-sider",
03_extreme_casefolder,03_extreme_casefolder/pdf_batches/batch_01/EXT_PDF_00015_saksdokument_med_langt_filnavn_æøå_XXXXXXXXXXXXXXX.pdf,pdf,supported,13,0,13,8252d622e1b9f9df39a9892c48ffb73151e956c9f30de28b73a797a1aafc3475,"PDF 13 sider, 0 OCR-body-sider",
03_extreme_casefolder,03_extreme_casefolder/pdf_batches/batch_01/EXT_PDF_00016_saksdokument_med_langt_filnavn_æøå_XXXXXXXXXXXXXXXX.pdf,pdf,supported,6,0,6,491c00aae6a94b28f55e341ae4d33ff536a6b6f370ced4b799ed945c49032d3b,"PDF 6 sider, 0 OCR-body-sider",
03_extreme_casefolder,03_extreme_casefolder/pdf_batches/batch_01/EXT_PDF_00017_saksdokument_med_langt_filnavn_æøå_XXXXXXXXXXXXXXXXX.pdf,pdf,supported,7,0,7,e743380d3d415a875b54e2b738872b26d1aaf7c4b232cb7a03d4699b4dd0e1c7,"PDF 7 sider, 0 OCR-body-sider",
03_extreme_casefolder,03_extreme_casefolder/pdf_batches/batch_01/EXT_PDF_00018_saksdokument_med_langt_filnavn_æøå_XXXXXXXXXXXXXXXXXX.pdf,pdf,supported,8,0,8,59f09b6cb77b6e48d8b46136a760e7014fb2a305c6c2ab1165c30e3a693909b7,"PDF 8 sider, 0 OCR-body-sider",
03_extreme_casefolder,03_extreme_casefolder/pdf_batches/batch_01/EXT_PDF_00019_saksdokument_med_langt_filnavn_æøå_XXXXXXXXXXXXXXXXXXX.pdf,pdf,supported,9,0,9,f9db2c6584fdd34706e609f57c5260520fbe33f7c67819c5c3f7a6cdf5d755fc,"PDF 9 sider, 0 OCR-body-sider",
03_extreme_casefolder,03_extreme_casefolder/pdf_batches/batch_01/EXT_PDF_00020_saksdokument_med_langt_filnavn_æøå_XXXXXXXXXXXXXXXXXXXX.pdf,pdf,supported,10,0,10,a0b0f6319f2255ce9703790c6eb5481609c8f5d2d351ddd9703a2061a0aa4b46,"PDF 10 sider, 0 OCR-body-sider",
03_extreme_casefolder,03_extreme_casefolder/pdf_batches/batch_01/EXT_PDF_00021_saksdokument_med_langt_filnavn_æøå_XXXXXXXXXXXXXXXXXXXXX.pdf,pdf,supported,11,0,11,6747cd54397f5bd3ceab4934261ec91293894f022633d30ada788f919b6c9ec6,"PDF 11 sider, 0 OCR-body-sider",
03_extreme_casefolder,03_extreme_casefolder/pdf_batches/batch_01/EXT_PDF_00022_saksdokument_med_langt_filnavn_æøå_XXXXXXXXXXXXXXXXXXXXXX.pdf,pdf,supported,12,0,12,39163729ec44344890b01b987df92e617c49f393d7be59930f4d49f1a89dae24,"PDF 12 sider, 0 OCR-body-sider",
03_extreme_casefolder,03_extreme_casefolder/pdf_batches/batch_01/EXT_PDF_00023_saksdokument_med_langt_filnavn_æøå_XXXXXXXXXXXXXXXXXXXXXXX.pdf,pdf,supported,13,2,11,912f98f0862da33545963a56e43b76fc10890ae26a254583a113d9348a06bded,"PDF 13 sider, 2 OCR-body-sider",
03_extreme_casefolder,03_extreme_casefolder/pdf_batches/batch_01/EXT_PDF_00024_saksdokument_med_langt_filnavn_æøå_XXXXXXXXXXXXXXXXXXXXXXXX.pdf,pdf,supported,6,0,6,d3fa31c010b91f3af47a7d5ffa67d7b51e488cb258ff6104547a8d350a02d62f,"PDF 6 sider, 0 OCR-body-sider",
03_extreme_casefolder,03_extreme_casefolder/pdf_batches/batch_01/EXT_PDF_00025_saksdokument_med_langt_filnavn_æøå_XXXXXXXXXXXXXXXXXXXXXXXXX.pdf,pdf,supported,7,0,7,3525f1a03e12473086d29ca0ff7bafea79137b965f8f41884c8322e86e64d5ad,"PDF 7 sider, 0 OCR-body-sider",
03_extreme_casefolder,03_extreme_casefolder/pdf_batches/batch_01/EXT_PDF_00026_saksdokument_med_langt_filnavn_æøå_XXXXXXXXXXXXXXXXXXXXXXXXXX.pdf,pdf,supported,8,0,8,89a63c6e8996f3995aa6a79d754df334111b71f58c77dd9b7b0e6169f2248333,"PDF 8 sider, 0 OCR-body-sider",
03_extreme_casefolder,03_extreme_casefolder/pdf_batches/batch_01/EXT_PDF_00027_saksdokument_med_langt_filnavn_æøå_XXXXXXXXXXXXXXXXXXXXXXXXXXX.pdf,pdf,supported,9,0,9,8506a1af1184d6e78678c3085d4a6a88849665c172a583a36fb2e975831fba5b,"PDF 9 sider, 0 OCR-body-sider",
03_extreme_casefolder,03_extreme_casefolder/pdf_batches/batch_01/EXT_PDF_00028_saksdokument_med_langt_filnavn_æøå_XXXXXXXXXXXXXXXXXXXXXXXXXXXX.pdf,pdf,supported,10,0,10,de3a6bf3ad93b5025ab26d8a354d89693743e35c0468bafb03f083fb2b629fe0,"PDF 10 sider, 0 OCR-body-sider",
03_extreme_casefolder,03_extreme_casefolder/pdf_batches/batch_01/EXT_PDF_00029_saksdokument_med_langt_filnavn_æøå_XXXXXXXXXXXXXXXXXXXXXXXXXXXXX.pdf,pdf,supported,11,0,11,efb22296c462b7de34834e405cf6094c3df18458b89df900831eaae2ba6043a2,"PDF 11 sider, 0 OCR-body-sider",
03_extreme_casefolder,03_extreme_casefolder/pdf_batches/batch_01/EXT_PDF_00030_saksdokument_med_langt_filnavn_æøå_XXXXXXXXXXXXXXXXXXXXXXXXXXXXXX.pdf,pdf,supported,12,0,12,a562653703799fb7e09296a0c3f58b8926beb4b15c4e5e3148b63d68f536acfb,"PDF 12 sider, 0 OCR-body-sider",
03_extreme_casefolder,03_extreme_casefolder/pdf_batches/batch_01/EXT_PDF_00031_saksdokument_med_langt_filnavn_æøå_XXXXXXXXXXXXXXXXXXXXXXXXXXXXXXX.pdf,pdf,supported,13,0,13,19fc0b04f5f8f7e126a281f803a5304ea1d3d039c1ff832d46a154a48444adb8,"PDF 13 sider, 0 OCR-body-sider",
03_extreme_casefolder,03_extreme_casefolder/pdf_batches/batch_01/EXT_PDF_00032_saksdokument_med_langt_filnavn_æøå_XXXXXXXXXXXXXXXXXXXXXXXXXXXXXXXX.pdf,pdf,supported,6,0,6,d590d6f59d8077e9c68a726992ee4aa21acd52a74b665ec45a3084cb978cbe1e,"PDF 6 sider, 0 OCR-body-sider",
03_extreme_casefolder,03_extreme_casefolder/pdf_batches/batch_01/EXT_PDF_00033_saksdokument_med_langt_filnavn_æøå_XXXXXXXXXXXXXXXXXXXXXXXXXXXXXXXXX.pdf,pdf,supported,7,0,7,e251695e853129be1f9ccd9149474b5d3d6f2df22b58cfdec1d1cfbad9e89e47,"PDF 7 sider, 0 OCR-body-sider",
03_extreme_casefolder,03_extreme_casefolder/pdf_batches/batch_01/EXT_PDF_00034_saksdokument_med_langt_filnavn_æøå_XXXXXXXXXXXXXXXXXXXXXXXXXXXXXXXXXX.pdf,pdf,supported,8,0,8,26d924c89262f5c4d90265138b1e4875eede9478c638803a7838c199ab3f3767,"PDF 8 sider, 0 OCR-body-sider",
03_extreme_casefolder,03_extreme_casefolder/pdf_batches/batch_01/EXT_PDF_00035_saksdokument_med_langt_filnavn_æøå_XXXXXXXXXXXXXXXXXXXXXXXXXXXXXXXXXXX.pdf,pdf,supported,9,0,9,3c398f9b35d766d87cae0d6001cc5da9423ae34e3bc8bd4bcf2c2dd68e2e8b0b,"PDF 9 sider, 0 OCR-body-sider",
03_extreme_casefolder,03_extreme_casefolder/pdf_batches/batch_01/EXT_PDF_00036_saksdokument_med_langt_filnavn_æøå_XXXXXXXXXXXXXXXXXXXXXXXXXXXXXXXXXXXX.pdf,pdf,supported,10,0,10,86390a16f74edd8da5134a984b03935ea74fa16556f27a8d413673cf05d2aa3b,"PDF 10 sider, 0 OCR-body-sider",
03_extreme_casefolder,03_extreme_casefolder/pdf_batches/batch_01/EXT_PDF_00037_saksdokument_med_langt_filnavn_æøå_XXXXXXXXXXXXXXXXXXXXXXXXXXXXXXXXXXXXX.pdf,pdf,supported,11,0,11,2481f3e5e0ad60dd4b48c5f29351bb7424ceb72f8c2da40608a4303aebb8c379,"PDF 11 sider, 0 OCR-body-sider",
03_extreme_casefolder,03_extreme_casefolder/pdf_batches/batch_01/EXT_PDF_00038_saksdokument_med_langt_filnavn_æøå_XXXXXXXXXXXXXXXXXXXXXXXXXXXXXXXXXXXXXX.pdf,pdf,supported,12,0,12,3478d2679f59531cf89b203c40a34dcac8635ee0739357bcd2dd83904e9122ab,"PDF 12 sider, 0 OCR-body-sider",
03_extreme_casefolder,03_extreme_casefolder/pdf_batches/batch_01/EXT_PDF_00039_saksdokument_med_langt_filnavn_æøå_XXXXXXXXXXXXXXXXXXXXXXXXXXXXXXXXXXXXXXX.pdf,pdf,supported,13,0,13,570b1e1e19ba98f1b23798680734e6c6d03595134088688a1e6b26960a01641d,"PDF 13 sider, 0 OCR-body-sider",
03_extreme_casefolder,03_extreme_casefolder/pdf_batches/batch_01/EXT_PDF_00040_saksdokument_med_langt_filnavn_æøå_.pdf,pdf,supported,6,0,6,9b2fcd0f94c8cc129d8da5c678061702650da6f78cfdddf2bafbf4b755904a73,"PDF 6 sider, 0 OCR-body-sider",
03_extreme_casefolder,03_extreme_casefolder/pdf_batches/batch_01/EXT_PDF_00041_saksdokument_med_langt_filnavn_æøå_X.pdf,pdf,supported,7,0,7,c0189e02fdc995490f3f104c8a786fad1a4d50b0fb0aecaad0183d99c3f9dd28,"PDF 7 sider, 0 OCR-body-sider",
03_extreme_casefolder,03_extreme_casefolder/pdf_batches/batch_01/EXT_PDF_00042_saksdokument_med_langt_filnavn_æøå_XX.pdf,pdf,supported,8,0,8,c1c67e5d0fd2b65245aa02018ea50aec8b75e6ec35cb377be83da5fe7aa81c83,"PDF 8 sider, 0 OCR-body-sider",
03_extreme_casefolder,03_extreme_casefolder/pdf_batches/batch_01/EXT_PDF_00043_saksdokument_med_langt_filnavn_æøå_XXX.pdf,pdf,supported,9,0,9,7a6be6e31dba04df26e0536926d096b814d6b53425635896a3e47bbbc7df3d14,"PDF 9 sider, 0 OCR-body-sider",
03_extreme_casefolder,03_extreme_casefolder/pdf_batches/batch_01/EXT_PDF_00044_saksdokument_med_langt_filnavn_æøå_XXXX.pdf,pdf,supported,10,0,10,098044708ad933d2fd7dd8fa7c157466a1b975db7eafde324c634c0f5e91558b,"PDF 10 sider, 0 OCR-body-sider",GOLD-008
03_extreme_casefolder,03_extreme_casefolder/pdf_batches/batch_01/EXT_PDF_00045_saksdokument_med_langt_filnavn_æøå_XXXXX.pdf,pdf,supported,11,0,11,7468ad84a0776295ea46eaaa1ff255580232a2ebc90cd0bd20ee2670a1feaf40,"PDF 11 sider, 0 OCR-body-sider",
03_extreme_casefolder,03_extreme_casefolder/pdf_batches/batch_01/EXT_PDF_00046_saksdokument_med_langt_filnavn_æøå_XXXXXX.pdf,pdf,supported,12,2,10,00ff5e123104c0e388a8fd8b7ef108dca74cd24d378819da3fe21b9382809953,"PDF 12 sider, 2 OCR-body-sider",
03_extreme_casefolder,03_extreme_casefolder/pdf_batches/batch_01/EXT_PDF_00047_saksdokument_med_langt_filnavn_æøå_XXXXXXX.pdf,pdf,supported,13,0,13,091b82d4e4a096361b6c499c53c44f5c37e83f2e2dc8719902f0507c05d9dc51,"PDF 13 sider, 0 OCR-body-sider",
03_extreme_casefolder,03_extreme_casefolder/pdf_batches/batch_01/EXT_PDF_00048_saksdokument_med_langt_filnavn_æøå_XXXXXXXX.pdf,pdf,supported,6,0,6,0b6ef53396279c76d8b71fa915541753d5152b0272fcf16132ebce535eadb956,"PDF 6 sider, 0 OCR-body-sider",
03_extreme_casefolder,03_extreme_casefolder/pdf_batches/batch_01/EXT_PDF_00049_saksdokument_med_langt_filnavn_æøå_XXXXXXXXX.pdf,pdf,supported,7,0,7,81403429a71da524beca3ea32c77b1af71a21abf9182e7666f845462e10253fa,"PDF 7 sider, 0 OCR-body-sider",
03_extreme_casefolder,03_extreme_casefolder/pdf_batches/batch_01/EXT_PDF_00050_saksdokument_med_langt_filnavn_æøå_XXXXXXXXXX.pdf,pdf,supported,8,0,8,304990966e5cd58db9a4f36826bea3047571e83f8022619656fa968cf0afec31,"PDF 8 sider, 0 OCR-body-sider",
03_extreme_casefolder,03_extreme_casefolder/pdf_batches/batch_02/EXT_PDF_00051_saksdokument_med_langt_filnavn_æøå_XXXXXXXXXXX.pdf,pdf,supported,9,0,9,7130c61417e7aa851dc47331c5f420111c09dae5d5cf9c9a28d88f6ad3a24bd3,"PDF 9 sider, 0 OCR-body-sider",
03_extreme_casefolder,03_extreme_casefolder/pdf_batches/batch_02/EXT_PDF_00052_saksdokument_med_langt_filnavn_æøå_XXXXXXXXXXXX.pdf,pdf,supported,10,0,10,78cc0058bf78a90a0213d76f308e52e5031baaa49e8e1d96bfb83ffb45123468,"PDF 10 sider, 0 OCR-body-sider",
03_extreme_casefolder,03_extreme_casefolder/pdf_batches/batch_02/EXT_PDF_00053_saksdokument_med_langt_filnavn_æøå_XXXXXXXXXXXXX.pdf,pdf,supported,11,0,11,73f3c84493ef193389612316d395df817d896dc8bcbeda6c85fac628a675fd0c,"PDF 11 sider, 0 OCR-body-sider",
03_extreme_casefolder,03_extreme_casefolder/pdf_batches/batch_02/EXT_PDF_00054_saksdokument_med_langt_filnavn_æøå_XXXXXXXXXXXXXX.pdf,pdf,supported,12,0,12,531b03cf10e2c848438c733a89635d5149ec416b113a4da65ed90473f866bb97,"PDF 12 sider, 0 OCR-body-sider",
03_extreme_casefolder,03_extreme_casefolder/pdf_batches/batch_02/EXT_PDF_00055_saksdokument_med_langt_filnavn_æøå_XXXXXXXXXXXXXXX.pdf,pdf,supported,13,0,13,5438deb6c67502ba5172ed3332389bc0053d2c46bfe253db59ad7883b86eefbe,"PDF 13 sider, 0 OCR-body-sider",
03_extreme_casefolder,03_extreme_casefolder/pdf_batches/batch_02/EXT_PDF_00056_saksdokument_med_langt_filnavn_æøå_XXXXXXXXXXXXXXXX.pdf,pdf,supported,6,0,6,3b79e97aaa5885e365d7906d389605ce8b4a00dbb9cf9debb8c3f44020f422bc,"PDF 6 sider, 0 OCR-body-sider",
03_extreme_casefolder,03_extreme_casefolder/pdf_batches/batch_02/EXT_PDF_00057_saksdokument_med_langt_filnavn_æøå_XXXXXXXXXXXXXXXXX.pdf,pdf,supported,7,0,7,a18608f330ea4489ed13ef8205fc2f4679e4c47859416e7c4913ad5e331a2aa5,"PDF 7 sider, 0 OCR-body-sider",
03_extreme_casefolder,03_extreme_casefolder/pdf_batches/batch_02/EXT_PDF_00058_saksdokument_med_langt_filnavn_æøå_XXXXXXXXXXXXXXXXXX.pdf,pdf,supported,8,0,8,c4ef897edcb3f628f953d87247912335ddbb6da2e46be68d83d381793ac7c7c6,"PDF 8 sider, 0 OCR-body-sider",
03_extreme_casefolder,03_extreme_casefolder/pdf_batches/batch_02/EXT_PDF_00059_saksdokument_med_langt_filnavn_æøå_XXXXXXXXXXXXXXXXXXX.pdf,pdf,supported,9,0,9,8a10016215e93bda61ad0a166d01886cd64721de206615f57009cc7046de4075,"PDF 9 sider, 0 OCR-body-sider",
03_extreme_casefolder,03_extreme_casefolder/pdf_batches/batch_02/EXT_PDF_00060_saksdokument_med_langt_filnavn_æøå_XXXXXXXXXXXXXXXXXXXX.pdf,pdf,supported,10,0,10,68f79cc36deeb02263f2cb221b725e792efe788a53347abb0c13eeb4389feda4,"PDF 10 sider, 0 OCR-body-sider",
03_extreme_casefolder,03_extreme_casefolder/pdf_batches/batch_02/EXT_PDF_00061_saksdokument_med_langt_filnavn_æøå_XXXXXXXXXXXXXXXXXXXXX.pdf,pdf,supported,11,0,11,dcede7b822972220bfced949b6c59e3d14b808012f46cb9b1d747fd77f224b40,"PDF 11 sider, 0 OCR-body-sider",
03_extreme_casefolder,03_extreme_casefolder/pdf_batches/batch_02/EXT_PDF_00062_saksdokument_med_langt_filnavn_æøå_XXXXXXXXXXXXXXXXXXXXXX.pdf,pdf,supported,12,0,12,88c6403aebe0dd9ff18a5e407ee7f08adf2e9360ff0a8d753a9e4d8c988c0d8c,"PDF 12 sider, 0 OCR-body-sider",
03_extreme_casefolder,03_extreme_casefolder/pdf_batches/batch_02/EXT_PDF_00063_saksdokument_med_langt_filnavn_æøå_XXXXXXXXXXXXXXXXXXXXXXX.pdf,pdf,supported,13,0,13,83ebbcf949142ec80569f0b5601b2f600b30c7d89f048684d7e4b76a6334449f,"PDF 13 sider, 0 OCR-body-sider",
03_extreme_casefolder,03_extreme_casefolder/pdf_batches/batch_02/EXT_PDF_00064_saksdokument_med_langt_filnavn_æøå_XXXXXXXXXXXXXXXXXXXXXXXX.pdf,pdf,supported,6,0,6,d5eb63b765934eb114a03567f7ebb53fd9ad5a890f65308794436e64f169b523,"PDF 6 sider, 0 OCR-body-sider",
03_extreme_casefolder,03_extreme_casefolder/pdf_batches/batch_02/EXT_PDF_00065_saksdokument_med_langt_filnavn_æøå_XXXXXXXXXXXXXXXXXXXXXXXXX.pdf,pdf,supported,7,0,7,4bb71a2c3ab7e84629a9419af2bf6cc0cabc564627c47e37612109bed78ad727,"PDF 7 sider, 0 OCR-body-sider",
03_extreme_casefolder,03_extreme_casefolder/pdf_batches/batch_02/EXT_PDF_00066_saksdokument_med_langt_filnavn_æøå_XXXXXXXXXXXXXXXXXXXXXXXXXX.pdf,pdf,supported,8,0,8,0e839f0bb1f3dcd66b7eb37391dbcf778dbc522406ff6f1cf67db56d9da2ddb5,"PDF 8 sider, 0 OCR-body-sider",
03_extreme_casefolder,03_extreme_casefolder/pdf_batches/batch_02/EXT_PDF_00067_saksdokument_med_langt_filnavn_æøå_XXXXXXXXXXXXXXXXXXXXXXXXXXX.pdf,pdf,supported,9,0,9,9f5782f649a7b820df2efca89e9fbe78262acfdf93fc1dc5d676884f661ff3e6,"PDF 9 sider, 0 OCR-body-sider",
03_extreme_casefolder,03_extreme_casefolder/pdf_batches/batch_02/EXT_PDF_00068_saksdokument_med_langt_filnavn_æøå_XXXXXXXXXXXXXXXXXXXXXXXXXXXX.pdf,pdf,supported,10,0,10,6849aadcc06573ed30cccf80c8f7d4b2a587382f4fbf15b00d24e1c801baa89c,"PDF 10 sider, 0 OCR-body-sider",
03_extreme_casefolder,03_extreme_casefolder/pdf_batches/batch_02/EXT_PDF_00069_saksdokument_med_langt_filnavn_æøå_XXXXXXXXXXXXXXXXXXXXXXXXXXXXX.pdf,pdf,supported,11,2,9,cafda359d7cfc5a5dcc1190d0f5fb896f7491084e8bdc05df0a067a4721bb32b,"PDF 11 sider, 2 OCR-body-sider",
03_extreme_casefolder,03_extreme_casefolder/pdf_batches/batch_02/EXT_PDF_00070_saksdokument_med_langt_filnavn_æøå_XXXXXXXXXXXXXXXXXXXXXXXXXXXXXX.pdf,pdf,supported,12,0,12,6fe03898d7c5b03700402da8ff05b12b10016b66b6559c1e9601366797b02bab,"PDF 12 sider, 0 OCR-body-sider",
03_extreme_casefolder,03_extreme_casefolder/pdf_batches/batch_02/EXT_PDF_00071_saksdokument_med_langt_filnavn_æøå_XXXXXXXXXXXXXXXXXXXXXXXXXXXXXXX.pdf,pdf,supported,13,0,13,2a259f94ec4aeb87e5f2cd68eec0a48cc1a5fdbd6c2b27484911fc0548c29c59,"PDF 13 sider, 0 OCR-body-sider",
03_extreme_casefolder,03_extreme_casefolder/pdf_batches/batch_02/EXT_PDF_00072_saksdokument_med_langt_filnavn_æøå_XXXXXXXXXXXXXXXXXXXXXXXXXXXXXXXX.pdf,pdf,supported,6,0,6,c8d79ffa0a9dae6844fc5ab0603cc2afbe2d8f3b45810fa8b0160fca90945937,"PDF 6 sider, 0 OCR-body-sider",
03_extreme_casefolder,03_extreme_casefolder/pdf_batches/batch_02/EXT_PDF_00073_saksdokument_med_langt_filnavn_æøå_XXXXXXXXXXXXXXXXXXXXXXXXXXXXXXXXX.pdf,pdf,supported,7,0,7,5459dda75bceb4ad974a9a34cd3d8c6afbddd53aee754265cefa2cee92fbae17,"PDF 7 sider, 0 OCR-body-sider",
03_extreme_casefolder,03_extreme_casefolder/pdf_batches/batch_02/EXT_PDF_00074_saksdokument_med_langt_filnavn_æøå_XXXXXXXXXXXXXXXXXXXXXXXXXXXXXXXXXX.pdf,pdf,supported,8,0,8,226434154ac0c671825f18ecfdc2b4e8bb0523902ad4fa80c641f243280758bf,"PDF 8 sider, 0 OCR-body-sider",
03_extreme_casefolder,03_extreme_casefolder/pdf_batches/batch_02/EXT_PDF_00075_saksdokument_med_langt_filnavn_æøå_XXXXXXXXXXXXXXXXXXXXXXXXXXXXXXXXXXX.pdf,pdf,supported,9,0,9,c8c8fa970315cf788e8de070b5a97376f06dbc21e894be4c5cbff521bacdda02,"PDF 9 sider, 0 OCR-body-sider",
03_extreme_casefolder,03_extreme_casefolder/pdf_batches/batch_02/EXT_PDF_00076_saksdokument_med_langt_filnavn_æøå_XXXXXXXXXXXXXXXXXXXXXXXXXXXXXXXXXXXX.pdf,pdf,supported,10,0,10,6d23535647936cdb6007ae9c408494c409cdba6271bad41b54207b6439d32e01,"PDF 10 sider, 0 OCR-body-sider",
03_extreme_casefolder,03_extreme_casefolder/pdf_batches/batch_02/EXT_PDF_00077_saksdokument_med_langt_filnavn_æøå_XXXXXXXXXXXXXXXXXXXXXXXXXXXXXXXXXXXXX.pdf,pdf,supported,11,0,11,a56cbc936672de05d4cd3b8836cf6235d5216dad69bc5ca6ef0067f4145ee5e8,"PDF 11 sider, 0 OCR-body-sider",
03_extreme_casefolder,03_extreme_casefolder/pdf_batches/batch_02/EXT_PDF_00078_saksdokument_med_langt_filnavn_æøå_XXXXXXXXXXXXXXXXXXXXXXXXXXXXXXXXXXXXXX.pdf,pdf,supported,12,0,12,5833d92744d39b3f24a27539921c0a82ef39b067154701f05e64c1eaffa18f0c,"PDF 12 sider, 0 OCR-body-sider",
03_extreme_casefolder,03_extreme_casefolder/pdf_batches/batch_02/EXT_PDF_00079_saksdokument_med_langt_filnavn_æøå_XXXXXXXXXXXXXXXXXXXXXXXXXXXXXXXXXXXXXXX.pdf,pdf,supported,13,0,13,d9b0d998a1c84fb4306910d1351f91ca5b14908b6c77d3defb2c42bb72da985c,"PDF 13 sider, 0 OCR-body-sider",
03_extreme_casefolder,03_extreme_casefolder/pdf_batches/batch_02/EXT_PDF_00080_saksdokument_med_langt_filnavn_æøå_.pdf,pdf,supported,6,0,6,a5ca6d07b9a2a82bbebee5cf4977632b493e5ca72aae6a39091df4c3b444a263,"PDF 6 sider, 0 OCR-body-sider",
03_extreme_casefolder,03_extreme_casefolder/pdf_batches/batch_02/EXT_PDF_00081_saksdokument_med_langt_filnavn_æøå_X.pdf,pdf,supported,7,0,7,5a501ad87ef1bfffc0f2086f5f0114f7ad6427e8c5ac0a5ecf083419a9767da4,"PDF 7 sider, 0 OCR-body-sider",
03_extreme_casefolder,03_extreme_casefolder/pdf_batches/batch_02/EXT_PDF_00082_saksdokument_med_langt_filnavn_æøå_XX.pdf,pdf,supported,8,0,8,be582fa40a82b1ac036e627a038ae7ca03e0e7c274e1aa13f6ddcd17bef473ce,"PDF 8 sider, 0 OCR-body-sider",
03_extreme_casefolder,03_extreme_casefolder/pdf_batches/batch_02/EXT_PDF_00083_saksdokument_med_langt_filnavn_æøå_XXX.pdf,pdf,supported,9,0,9,9934b4faf267daf545dd0e05246998da7a7bbfcdc3f22fc6d19212f125d22a9c,"PDF 9 sider, 0 OCR-body-sider",
03_extreme_casefolder,03_extreme_casefolder/pdf_batches/batch_02/EXT_PDF_00084_saksdokument_med_langt_filnavn_æøå_XXXX.pdf,pdf,supported,10,0,10,4e71bfc3b74cb7491bec4c44538c93fde794cac3a0e0d921064c511222b508da,"PDF 10 sider, 0 OCR-body-sider",
03_extreme_casefolder,03_extreme_casefolder/pdf_batches/batch_02/EXT_PDF_00085_saksdokument_med_langt_filnavn_æøå_XXXXX.pdf,pdf,supported,11,0,11,8cc0529f0f331fe98af3512c14e255e53691e730443454f016f9d345b7d9d7cd,"PDF 11 sider, 0 OCR-body-sider",
03_extreme_casefolder,03_extreme_casefolder/pdf_batches/batch_02/EXT_PDF_00086_saksdokument_med_langt_filnavn_æøå_XXXXXX.pdf,pdf,supported,12,0,12,04bc0867d684ed0963af11bcb22c28960719869cec8c3aa4be900ecb45bc49fa,"PDF 12 sider, 0 OCR-body-sider",
03_extreme_casefolder,03_extreme_casefolder/pdf_batches/batch_02/EXT_PDF_00087_saksdokument_med_langt_filnavn_æøå_XXXXXXX.pdf,pdf,supported,13,0,13,838374df55b5a70b5309d25760989c9d2212e76d2c4e4defab8cf7783028fdba,"PDF 13 sider, 0 OCR-body-sider",
03_extreme_casefolder,03_extreme_casefolder/pdf_batches/batch_02/EXT_PDF_00088_saksdokument_med_langt_filnavn_æøå_XXXXXXXX.pdf,pdf,supported,6,0,6,a4d929e169aea65e6ccdf87e8d251676906be9a2206115a299a4fb278259992d,"PDF 6 sider, 0 OCR-body-sider",
03_extreme_casefolder,03_extreme_casefolder/pdf_batches/batch_02/EXT_PDF_00089_saksdokument_med_langt_filnavn_æøå_XXXXXXXXX.pdf,pdf,supported,7,0,7,a7072bd4da757be9e23e7733da27c67dad67e91d0c2ab4c592f546b1464bec39,"PDF 7 sider, 0 OCR-body-sider",
03_extreme_casefolder,03_extreme_casefolder/pdf_batches/batch_02/EXT_PDF_00090_saksdokument_med_langt_filnavn_æøå_XXXXXXXXXX.pdf,pdf,supported,8,0,8,a0ad9ec4782172903a4e950756f0336c287908eb5e2e7ee8d023139174977c27,"PDF 8 sider, 0 OCR-body-sider",
03_extreme_casefolder,03_extreme_casefolder/pdf_batches/batch_02/EXT_PDF_00091_saksdokument_med_langt_filnavn_æøå_XXXXXXXXXXX.pdf,pdf,supported,9,0,9,46000b0ac5738be5394d42b1ef00b97b55552984c35d8ab3d81da382b24c006d,"PDF 9 sider, 0 OCR-body-sider",
03_extreme_casefolder,03_extreme_casefolder/pdf_batches/batch_02/EXT_PDF_00092_saksdokument_med_langt_filnavn_æøå_XXXXXXXXXXXX.pdf,pdf,supported,10,2,8,d2d21296880cc7cbe2a707e97a3d72f77674aa44de551c74bb3e8245e2390239,"PDF 10 sider, 2 OCR-body-sider",
03_extreme_casefolder,03_extreme_casefolder/pdf_batches/batch_02/EXT_PDF_00093_saksdokument_med_langt_filnavn_æøå_XXXXXXXXXXXXX.pdf,pdf,supported,11,0,11,7d3af89f40c093bb81556d97db19a99bf0883ae244a379c0e28b934263269bd4,"PDF 11 sider, 0 OCR-body-sider",
03_extreme_casefolder,03_extreme_casefolder/pdf_batches/batch_02/EXT_PDF_00094_saksdokument_med_langt_filnavn_æøå_XXXXXXXXXXXXXX.pdf,pdf,supported,12,0,12,8f6db54001b2ec2121e2b2632ba750d88010f6f7b92b7c234a23bbd13a3e5fd9,"PDF 12 sider, 0 OCR-body-sider",
03_extreme_casefolder,03_extreme_casefolder/pdf_batches/batch_02/EXT_PDF_00095_saksdokument_med_langt_filnavn_æøå_XXXXXXXXXXXXXXX.pdf,pdf,supported,13,0,13,29ab2cbcff49e1f7d80609224428790d37844df5ff43385985d4b443840c4e0d,"PDF 13 sider, 0 OCR-body-sider",
03_extreme_casefolder,03_extreme_casefolder/pdf_batches/batch_02/EXT_PDF_00096_saksdokument_med_langt_filnavn_æøå_XXXXXXXXXXXXXXXX.pdf,pdf,supported,6,0,6,bd61930c6668fd707fb4b49116d9875f03f4fb255912ae04227b7e69084c7a8a,"PDF 6 sider, 0 OCR-body-sider",
03_extreme_casefolder,03_extreme_casefolder/pdf_batches/batch_02/EXT_PDF_00097_saksdokument_med_langt_filnavn_æøå_XXXXXXXXXXXXXXXXX.pdf,pdf,supported,7,0,7,34d45f65a82453b546bf0c5bfdd739ca64ee11183c91536998cdfb83ba44b2c2,"PDF 7 sider, 0 OCR-body-sider",
03_extreme_casefolder,03_extreme_casefolder/pdf_batches/batch_02/EXT_PDF_00098_saksdokument_med_langt_filnavn_æøå_XXXXXXXXXXXXXXXXXX.pdf,pdf,supported,8,0,8,35f8641b643e8c5324ac80de3269133a4149beb2f92f9ce1da8ad92dfce8be73,"PDF 8 sider, 0 OCR-body-sider",
03_extreme_casefolder,03_extreme_casefolder/pdf_batches/batch_02/EXT_PDF_00099_saksdokument_med_langt_filnavn_æøå_XXXXXXXXXXXXXXXXXXX.pdf,pdf,supported,9,0,9,359bed15984769fd67f2d3aa5bcfa22c6e497876c9ade809a6c968320d4da6d5,"PDF 9 sider, 0 OCR-body-sider",
03_extreme_casefolder,03_extreme_casefolder/pdf_batches/batch_02/EXT_PDF_00100_saksdokument_med_langt_filnavn_æøå_XXXXXXXXXXXXXXXXXXXX.pdf,pdf,supported,10,0,10,4431f5f7b43806eaace440f75a6916a410350899508c56d1ccf75cb89c2c4b4e,"PDF 10 sider, 0 OCR-body-sider",
03_extreme_casefolder,03_extreme_casefolder/pdf_batches/batch_03/EXT_PDF_00101_saksdokument_med_langt_filnavn_æøå_XXXXXXXXXXXXXXXXXXXXX.pdf,pdf,supported,11,0,11,466bc2d989b354e6b4a1c496287a615b589d16b40888f43157ca472e852c51d9,"PDF 11 sider, 0 OCR-body-sider",
03_extreme_casefolder,03_extreme_casefolder/pdf_batches/batch_03/EXT_PDF_00102_saksdokument_med_langt_filnavn_æøå_XXXXXXXXXXXXXXXXXXXXXX.pdf,pdf,supported,12,0,12,a998635429a380e431b1f53c7965edb46785ae19676b69a79326523f192750c4,"PDF 12 sider, 0 OCR-body-sider",GOLD-010
03_extreme_casefolder,03_extreme_casefolder/pdf_batches/batch_03/EXT_PDF_00103_saksdokument_med_langt_filnavn_æøå_XXXXXXXXXXXXXXXXXXXXXXX.pdf,pdf,supported,13,0,13,37d65990e1619504673e33eaedefff149f04359b8f66e8d82300a1f30cb803da,"PDF 13 sider, 0 OCR-body-sider",
03_extreme_casefolder,03_extreme_casefolder/pdf_batches/batch_03/EXT_PDF_00104_saksdokument_med_langt_filnavn_æøå_XXXXXXXXXXXXXXXXXXXXXXXX.pdf,pdf,supported,6,0,6,cac59093bde0a8908f04ebef398949285699d80b1866a8932ef48c96ac4fbab9,"PDF 6 sider, 0 OCR-body-sider",
03_extreme_casefolder,03_extreme_casefolder/pdf_batches/batch_03/EXT_PDF_00105_saksdokument_med_langt_filnavn_æøå_XXXXXXXXXXXXXXXXXXXXXXXXX.pdf,pdf,supported,7,0,7,130e29b8d547b6b76e1b61f041b70cb4ddcd791ad0298b08f63b51d2d83cd71e,"PDF 7 sider, 0 OCR-body-sider",
03_extreme_casefolder,03_extreme_casefolder/pdf_batches/batch_03/EXT_PDF_00106_saksdokument_med_langt_filnavn_æøå_XXXXXXXXXXXXXXXXXXXXXXXXXX.pdf,pdf,supported,8,0,8,1d8cfedf8740cc697d19fbb2a1d1a75bf10003defda9c5cbe4dbea86f8543014,"PDF 8 sider, 0 OCR-body-sider",
03_extreme_casefolder,03_extreme_casefolder/pdf_batches/batch_03/EXT_PDF_00107_saksdokument_med_langt_filnavn_æøå_XXXXXXXXXXXXXXXXXXXXXXXXXXX.pdf,pdf,supported,9,0,9,80c7c8d9f1940d6fd92e5a8a1d3dbbbfda4156df57c7fea9de18cc1a1ef2daaa,"PDF 9 sider, 0 OCR-body-sider",
03_extreme_casefolder,03_extreme_casefolder/pdf_batches/batch_03/EXT_PDF_00108_saksdokument_med_langt_filnavn_æøå_XXXXXXXXXXXXXXXXXXXXXXXXXXXX.pdf,pdf,supported,10,0,10,bb5601f8dab7a7eb616150306b3b3951e01f1bf1d9d00b786587141afb068c14,"PDF 10 sider, 0 OCR-body-sider",
03_extreme_casefolder,03_extreme_casefolder/pdf_batches/batch_03/EXT_PDF_00109_saksdokument_med_langt_filnavn_æøå_XXXXXXXXXXXXXXXXXXXXXXXXXXXXX.pdf,pdf,supported,11,0,11,bc19d076416ef7dc7106c283e291641c34e2db3551d69935e134ed1f64f7b9a4,"PDF 11 sider, 0 OCR-body-sider",
03_extreme_casefolder,03_extreme_casefolder/pdf_batches/batch_03/EXT_PDF_00110_saksdokument_med_langt_filnavn_æøå_XXXXXXXXXXXXXXXXXXXXXXXXXXXXXX.pdf,pdf,supported,12,0,12,b93aab4b17feae7a18541658175c14a83451ef34ae6251d6f153e260fa9d4705,"PDF 12 sider, 0 OCR-body-sider",
03_extreme_casefolder,03_extreme_casefolder/pdf_batches/batch_03/EXT_PDF_00111_saksdokument_med_langt_filnavn_æøå_XXXXXXXXXXXXXXXXXXXXXXXXXXXXXXX.pdf,pdf,supported,13,0,13,5c857cc913e86b1cd022f1695b33d9cf8069778c790c2ca742e79f0e8b4c65aa,"PDF 13 sider, 0 OCR-body-sider",
03_extreme_casefolder,03_extreme_casefolder/pdf_batches/batch_03/EXT_PDF_00112_saksdokument_med_langt_filnavn_æøå_XXXXXXXXXXXXXXXXXXXXXXXXXXXXXXXX.pdf,pdf,supported,6,0,6,fcc6e1d9f4ddd4568e7d37800c6b5d95efc1e34c47871dd266dc39131fed5657,"PDF 6 sider, 0 OCR-body-sider",
03_extreme_casefolder,03_extreme_casefolder/pdf_batches/batch_03/EXT_PDF_00113_saksdokument_med_langt_filnavn_æøå_XXXXXXXXXXXXXXXXXXXXXXXXXXXXXXXXX.pdf,pdf,supported,7,0,7,506916872ee2d39de9cbc4feb4360e25b789ad3c0676509b1ab8a5f6cb83a4b1,"PDF 7 sider, 0 OCR-body-sider",
03_extreme_casefolder,03_extreme_casefolder/pdf_batches/batch_03/EXT_PDF_00114_saksdokument_med_langt_filnavn_æøå_XXXXXXXXXXXXXXXXXXXXXXXXXXXXXXXXXX.pdf,pdf,supported,8,0,8,b16b69d1d53cd8cfc81ec7588879f1408c1b1a40776383306fad7b6422625436,"PDF 8 sider, 0 OCR-body-sider",
03_extreme_casefolder,03_extreme_casefolder/pdf_batches/batch_03/EXT_PDF_00115_saksdokument_med_langt_filnavn_æøå_XXXXXXXXXXXXXXXXXXXXXXXXXXXXXXXXXXX.pdf,pdf,supported,9,2,7,ad1014915f21f64f5147d7f63d975d211dfcb673caac7299d5c4b4d5e149f1b1,"PDF 9 sider, 2 OCR-body-sider",
03_extreme_casefolder,03_extreme_casefolder/pdf_batches/batch_03/EXT_PDF_00116_saksdokument_med_langt_filnavn_æøå_XXXXXXXXXXXXXXXXXXXXXXXXXXXXXXXXXXXX.pdf,pdf,supported,10,0,10,895487cb250acc174d1e62d99553232f85e244ace08111661ea36954c3ecd37f,"PDF 10 sider, 0 OCR-body-sider",
03_extreme_casefolder,03_extreme_casefolder/pdf_batches/batch_03/EXT_PDF_00117_saksdokument_med_langt_filnavn_æøå_XXXXXXXXXXXXXXXXXXXXXXXXXXXXXXXXXXXXX.pdf,pdf,supported,11,0,11,44d17f8790997032b430655567fab23ed05ade2d64e0c35a4b4e55ee5e1f135e,"PDF 11 sider, 0 OCR-body-sider",
03_extreme_casefolder,03_extreme_casefolder/pdf_batches/batch_03/EXT_PDF_00118_saksdokument_med_langt_filnavn_æøå_XXXXXXXXXXXXXXXXXXXXXXXXXXXXXXXXXXXXXX.pdf,pdf,supported,12,0,12,977b021ffaf9da13a54de080a782349943f17ff8b8b8590849362818869ce1a2,"PDF 12 sider, 0 OCR-body-sider",
03_extreme_casefolder,03_extreme_casefolder/pdf_batches/batch_03/EXT_PDF_00119_saksdokument_med_langt_filnavn_æøå_XXXXXXXXXXXXXXXXXXXXXXXXXXXXXXXXXXXXXXX.pdf,pdf,supported,13,0,13,a52fb5b78c4bfdd59cef9ec873c5df8470a549e6cc9b6daff2c3d2764a5ceeb9,"PDF 13 sider, 0 OCR-body-sider",
03_extreme_casefolder,03_extreme_casefolder/pdf_batches/batch_03/EXT_PDF_00120_saksdokument_med_langt_filnavn_æøå_.pdf,pdf,supported,6,0,6,4879d2d31ab99e60dd6abaec5c1876e509ea5b5d1adf6404ce52350c5a02892b,"PDF 6 sider, 0 OCR-body-sider",
03_extreme_casefolder,03_extreme_casefolder/docx_batches/DOCX_EXT_00001_notat.docx,docx,supported,3,0,3,a33c4463b36c354a707fe95407053711c5578dcfe4e2c5be1fa239e074ee4c96,DOCX med 11 avsnitt,
03_extreme_casefolder,03_extreme_casefolder/docx_batches/DOCX_EXT_00002_notat.docx,docx,supported,4,0,4,e95872497ce16d026c4cb8d93c670fd6c5ab404424748d8379a019cbfceafd55,DOCX med 12 avsnitt,
03_extreme_casefolder,03_extreme_casefolder/docx_batches/DOCX_EXT_00003_notat.docx,docx,supported,4,0,4,f8c1cef9fad63c0e8bdd79a354fca866e59bb6d25e2b9942bc529fa4c9ae6689,DOCX med 13 avsnitt,
03_extreme_casefolder,03_extreme_casefolder/docx_batches/DOCX_EXT_00004_notat.docx,docx,supported,4,0,4,81812dcbd665d09de81ac6235000a61be3a0c5e06fb075f8bdcd4f39dab2a8f1,DOCX med 14 avsnitt,
03_extreme_casefolder,03_extreme_casefolder/docx_batches/DOCX_EXT_00005_notat.docx,docx,supported,3,0,3,e229d785b6cde62b9d0e047ba220348024f6bf709bc398052e154d636fff7e8e,DOCX med 10 avsnitt,
03_extreme_casefolder,03_extreme_casefolder/docx_batches/DOCX_EXT_00006_notat.docx,docx,supported,3,0,3,553a74f592211f64a20e6e98d2ff89d9bf8838639ad84f02229fb96baa22206b,DOCX med 11 avsnitt,
03_extreme_casefolder,03_extreme_casefolder/docx_batches/DOCX_EXT_00007_notat.docx,docx,supported,4,0,4,6f31bdc81e275c79e2ce44d633d72bd0d3f2be36dd2e481aa03f70572087ced6,DOCX med 12 avsnitt,
03_extreme_casefolder,03_extreme_casefolder/docx_batches/DOCX_EXT_00008_notat.docx,docx,supported,4,0,4,ce629ac3d473b2a74caa95f14a5c0a6366f8e1fc24a9e2ca2f960f0050f474ef,DOCX med 13 avsnitt,
03_extreme_casefolder,03_extreme_casefolder/docx_batches/DOCX_EXT_00009_notat.docx,docx,supported,4,0,4,7af8d15396a00fea275b7d4a24dde02dcb0cc69b7ac76a016a8aec9e3758387f,DOCX med 14 avsnitt,
03_extreme_casefolder,03_extreme_casefolder/docx_batches/DOCX_EXT_00010_notat.docx,docx,supported,3,0,3,75955cf9fe387695f5762c0bc0bda833e54ac6bb16ba39a5319272cb26ae81d5,DOCX med 10 avsnitt,
03_extreme_casefolder,03_extreme_casefolder/docx_batches/DOCX_EXT_00011_notat.docx,docx,supported,3,0,3,c3dc2940964a6356781e7688a9e2fc47091c6c5af6515b455f2ef829a00cbc89,DOCX med 11 avsnitt,
03_extreme_casefolder,03_extreme_casefolder/docx_batches/DOCX_EXT_00012_notat.docx,docx,supported,4,0,4,469a886ea4a695a39d8e5b40b126561cdf113dfad999fb650b5dbe69a30a4129,DOCX med 12 avsnitt,
03_extreme_casefolder,03_extreme_casefolder/docx_batches/DOCX_EXT_00013_notat.docx,docx,supported,4,0,4,6841a65ecb0f022d1660762f09d5e306c03a2709900c550cce6c6e03234aa008,DOCX med 13 avsnitt,
03_extreme_casefolder,03_extreme_casefolder/docx_batches/DOCX_EXT_00014_notat.docx,docx,supported,4,0,4,17edf51259ab9a1c83c048607a4db9728cb8e6d07118b21ce10c3f1a7acc7052,DOCX med 14 avsnitt,
03_extreme_casefolder,03_extreme_casefolder/docx_batches/DOCX_EXT_00015_notat.docx,docx,supported,3,0,3,9a62bcb54cdc651dd4cf811b0ef2d97ce741976a8430567741ad30ed013aa9e0,DOCX med 10 avsnitt,
03_extreme_casefolder,03_extreme_casefolder/docx_batches/DOCX_EXT_00016_notat.docx,docx,supported,3,0,3,76b0e71417326702f6bd60b6de1c9b1a32e508bd53a3cc43d6ced0808840933d,DOCX med 11 avsnitt,
03_extreme_casefolder,03_extreme_casefolder/docx_batches/DOCX_EXT_00017_notat.docx,docx,supported,4,0,4,c044b74dfe8a2d08570d42aa8944013d4d60620e41865f71c2ba69d587966521,DOCX med 12 avsnitt,
03_extreme_casefolder,03_extreme_casefolder/docx_batches/DOCX_EXT_00018_notat.docx,docx,supported,4,0,4,8e0b37f50ee5843b7ef6f05ee88c4ae0e9244ab04279c69eab54ce4539bebc02,DOCX med 13 avsnitt,
03_extreme_casefolder,03_extreme_casefolder/docx_batches/DOCX_EXT_00019_notat.docx,docx,supported,4,0,4,8ee1375ea4919a604a539ee829bf9d1fc804ee577db776659e43e04a07b15a09,DOCX med 14 avsnitt,
03_extreme_casefolder,03_extreme_casefolder/docx_batches/DOCX_EXT_00020_notat.docx,docx,supported,3,0,3,edbc7597c48f857e9221886fae6426fde629a3accbf33b52dcdbc2a0b240f655,DOCX med 10 avsnitt,
03_extreme_casefolder,03_extreme_casefolder/csv_logs/CSV_EXT_00001_transactions.csv,csv,supported,1,0,1,2a782b19788e5e0708b78ef1cd399af28ee945c9c9200f8124403f3c7a7d25fe,CSV med 505 rader,
03_extreme_casefolder,03_extreme_casefolder/csv_logs/CSV_EXT_00002_transactions.csv,csv,supported,1,0,1,1f3537487627563ed242e14d65aaa2c7df4573db5100c7fabd0ea53476528db3,CSV med 510 rader,
03_extreme_casefolder,03_extreme_casefolder/csv_logs/CSV_EXT_00003_transactions.csv,csv,supported,1,0,1,26551aee596aaa4483d7bba5526f2a36d8ecaa30d4cc8f0b8a9aaf2fb3afb786,CSV med 515 rader,
03_extreme_casefolder,03_extreme_casefolder/csv_logs/CSV_EXT_00004_transactions.csv,csv,supported,1,0,1,1e6105ed8b4adbe021aea4c64465cfed2988feada508f00ac477f30a48638f4b,CSV med 520 rader,
03_extreme_casefolder,03_extreme_casefolder/csv_logs/CSV_EXT_00005_transactions.csv,csv,supported,1,0,1,a1ff380ff1dcd92dcbf9d355f71e909a8904040d12aaa3f207a5fc6f2b405ee7,CSV med 525 rader,
03_extreme_casefolder,03_extreme_casefolder/csv_logs/CSV_EXT_00006_transactions.csv,csv,supported,1,0,1,4cbbabee047a71cf4239a2c00cd4f9a982de1c621341b40b2123767783d68dc4,CSV med 530 rader,
03_extreme_casefolder,03_extreme_casefolder/csv_logs/CSV_EXT_00007_transactions.csv,csv,supported,1,0,1,e77ca9d1df2090f86680b73b4a4e853da8096d14596ea894c591db796f0927df,CSV med 535 rader,
03_extreme_casefolder,03_extreme_casefolder/csv_logs/CSV_EXT_00008_transactions.csv,csv,supported,1,0,1,32fdf47712239e6c9f15168d9ea25635428699b0bf27dda092d942203c0e6797,CSV med 540 rader,
03_extreme_casefolder,03_extreme_casefolder/csv_logs/CSV_EXT_00009_transactions.csv,csv,supported,1,0,1,76808e5fe89e18211aa5db70578b46f67fa0a68ba08db260d3aa4f924dd77a56,CSV med 545 rader,
03_extreme_casefolder,03_extreme_casefolder/csv_logs/CSV_EXT_00010_transactions.csv,csv,supported,1,0,1,f76179d5278a459d077e8f0974ca941ec8d64d1a6fc595803bdd96bdfabf20de,CSV med 550 rader,
03_extreme_casefolder,03_extreme_casefolder/csv_logs/CSV_EXT_00011_transactions.csv,csv,supported,1,0,1,99d2e269acaf8801c9d865459b0472ce54998023a399c417e7d2b2f5dd1a4f72,CSV med 555 rader,
03_extreme_casefolder,03_extreme_casefolder/csv_logs/CSV_EXT_00012_transactions.csv,csv,supported,1,0,1,a690d02e3dfa6952cda57dc46672aad3af154c32ce538a3b661d576df95c8a7e,CSV med 560 rader,
03_extreme_casefolder,03_extreme_casefolder/csv_logs/CSV_EXT_00013_transactions.csv,csv,supported,1,0,1,41efbb41cf401224c9db0acd922c1b094167b586ae27dc61ed431731749b9313,CSV med 565 rader,
03_extreme_casefolder,03_extreme_casefolder/csv_logs/CSV_EXT_00014_transactions.csv,csv,supported,1,0,1,c2622a5afe2dd02091bf3e216205924c9f3da0d57efb1f8b6f71c82ff4237092,CSV med 570 rader,
03_extreme_casefolder,03_extreme_casefolder/csv_logs/CSV_EXT_00015_transactions.csv,csv,supported,1,0,1,e675b3a920e7dcb812bd0c3f8444315375bc131a209e2bf490e70efa9ae3fa21,CSV med 575 rader,
03_extreme_casefolder,03_extreme_casefolder/csv_logs/CSV_EXT_00016_transactions.csv,csv,supported,1,0,1,237b13d734a0e767be6db5e4c21a150a97818a095cb2ce89738ce8fc061bac8a,CSV med 580 rader,
03_extreme_casefolder,03_extreme_casefolder/csv_logs/CSV_EXT_00017_transactions.csv,csv,supported,1,0,1,ec42736e24583fe4ed06dfff8508f0fac028ee3a6382b3b8c81b80cff706a13a,CSV med 585 rader,
03_extreme_casefolder,03_extreme_casefolder/csv_logs/CSV_EXT_00018_transactions.csv,csv,supported,1,0,1,9ed1f3e9495de7ad88659218f32ea19043505d263c6645c832a80bbe341bf782,CSV med 590 rader,
03_extreme_casefolder,03_extreme_casefolder/csv_logs/CSV_EXT_00019_transactions.csv,csv,supported,1,0,1,e5f20790f6c0e2fa5c2f712f56000fb3456e3b1622e80312c7296d8772ff70ac,CSV med 595 rader,
03_extreme_casefolder,03_extreme_casefolder/csv_logs/CSV_EXT_00020_transactions.csv,csv,supported,1,0,1,71dcbb9bd841af40f96aedb425129fb56cf2aad086565d7da97a2f4bb11e601c,CSV med 600 rader,
03_extreme_casefolder,03_extreme_casefolder/text_logs/TEXT_EXT_00001.txt,txt,supported,1,0,1,3754470c53eb4c012cd6f480e2be5ae1e27e156f8e464cec32d2720db804bb24,TXT med 121 linjer,
03_extreme_casefolder,03_extreme_casefolder/text_logs/TEXT_EXT_00002.md,md,supported,1,0,1,73d102ff19271e8d0c0b0c67c4cf9cd1bbaf3b3a5c468d5472e65a433eb33192,MD med 122 linjer,
03_extreme_casefolder,03_extreme_casefolder/text_logs/TEXT_EXT_00003.log,log,supported,1,0,1,28558b88e962a7ccf02ae7d0edc5158f7e75653e0440fda357ed00918486a2a7,LOG med 123 linjer,
03_extreme_casefolder,03_extreme_casefolder/text_logs/TEXT_EXT_00004.txt,txt,supported,1,0,1,c187e302582316a99f846d55216b740ec466cc325e46d336be56bda4dbbaac71,TXT med 124 linjer,
03_extreme_casefolder,03_extreme_casefolder/text_logs/TEXT_EXT_00005.md,md,supported,1,0,1,d840d21578cc0ac8f3d5996f374cd446ab60da7bf02489789726b518e49e5bbb,MD med 125 linjer,
03_extreme_casefolder,03_extreme_casefolder/text_logs/TEXT_EXT_00006.log,log,supported,1,0,1,67202a397cf09f6d9ac8c6249ea01340bc89c382eccc5aae0a1c34558b47fa79,LOG med 126 linjer,
03_extreme_casefolder,03_extreme_casefolder/text_logs/TEXT_EXT_00007.txt,txt,supported,1,0,1,319bc0e8e4735e22e43440564005ae1627aa86883fc48c2120685e89d0c62034,TXT med 127 linjer,
03_extreme_casefolder,03_extreme_casefolder/text_logs/TEXT_EXT_00008.md,md,supported,1,0,1,155aadad500163fe721c893b5121223249d7503dbc2c692688e83f784731d3cc,MD med 128 linjer,
03_extreme_casefolder,03_extreme_casefolder/text_logs/TEXT_EXT_00009.log,log,supported,1,0,1,d5182c6cce478c950f6202c8b3497624a0884c2d7b5051c6bfbe5732c9b8395f,LOG med 129 linjer,
03_extreme_casefolder,03_extreme_casefolder/text_logs/TEXT_EXT_00010.txt,txt,supported,1,0,1,13acd65a76da3e642c801e11d29ec3f30d8f76b824f2b444bef5cf7bd39a1aa0,TXT med 130 linjer,
03_extreme_casefolder,03_extreme_casefolder/text_logs/TEXT_EXT_00011.md,md,supported,1,0,1,aefdd92d36ed0d15cbbad47594c1e8fdf289ef547a62001b56f8c3e1095e7f68,MD med 131 linjer,
03_extreme_casefolder,03_extreme_casefolder/text_logs/TEXT_EXT_00012.log,log,supported,1,0,1,65165b84e207f4d85ab8cf56ef7f368c498ce2597c29f37a91cfccfdde4412c1,LOG med 132 linjer,
03_extreme_casefolder,03_extreme_casefolder/text_logs/TEXT_EXT_00013.txt,txt,supported,1,0,1,4a9b4fcec0028ba56fc11e0b362a83c3116a90f461e8e642cc189dc7b5df8f56,TXT med 133 linjer,
03_extreme_casefolder,03_extreme_casefolder/text_logs/TEXT_EXT_00014.md,md,supported,1,0,1,d7fe7c1c3955449d7f9cf4045ccc1d949d8a1e1a6a996733c644e47fa9a85797,MD med 134 linjer,
03_extreme_casefolder,03_extreme_casefolder/text_logs/TEXT_EXT_00015.log,log,supported,1,0,1,907933a94ffc3a6b4b68740c074fbc06fbfdaf599f35ab646e52da5a3ab6aca3,LOG med 135 linjer,
03_extreme_casefolder,03_extreme_casefolder/text_logs/TEXT_EXT_00016.txt,txt,supported,1,0,1,05385fd73420f0091c3fed88ba896e17b306f9fce0d5943117b98d16c65f8d8c,TXT med 136 linjer,
03_extreme_casefolder,03_extreme_casefolder/text_logs/TEXT_EXT_00017.md,md,supported,1,0,1,3cb9d1f117fe204854f039011bad250ab7a05e456aa5a3e11f437208cbdc34da,MD med 137 linjer,
03_extreme_casefolder,03_extreme_casefolder/text_logs/TEXT_EXT_00018.log,log,supported,1,0,1,b46ec591a82894211236e707cb3cbe94760991cb63e8f5527fac875fd638f69d,LOG med 138 linjer,
03_extreme_casefolder,03_extreme_casefolder/text_logs/TEXT_EXT_00019.txt,txt,supported,1,0,1,83203b31e6963f259523feac034d86354ecec23ade5cf740218318769a152c09,TXT med 139 linjer,
03_extreme_casefolder,03_extreme_casefolder/text_logs/TEXT_EXT_00020.md,md,supported,1,0,1,4943f1f1ad0de99aff7e5ce743960403480685688b7155d23519cd8ac71aed2a,MD med 120 linjer,
03_extreme_casefolder,03_extreme_casefolder/ocr_images/IMG_EXT_00001_scannet.png,image,requires_ocr,1,1,0,c489aa12ded66db89e9a2ba91f1014c06478bb4022e36d7f5bbe1d5af9945e4f,Bildefil med tekst som krever OCR,
03_extreme_casefolder,03_extreme_casefolder/ocr_images/IMG_EXT_00002_scannet.png,image,requires_ocr,1,1,0,2d0e7950701d7a20378aeffebd8d18ab6405f99b9745e604ca7c2910843779af,Bildefil med tekst som krever OCR,
03_extreme_casefolder,03_extreme_casefolder/ocr_images/IMG_EXT_00003_scannet.png,image,requires_ocr,1,1,0,9c45b7435b2978003cde272488805814a71fae6f9981f750fb53232ce9e849fe,Bildefil med tekst som krever OCR,
03_extreme_casefolder,03_extreme_casefolder/ocr_images/IMG_EXT_00004_scannet.png,image,requires_ocr,1,1,0,2421d7e9907c9cf11cc3b7a850a7af15b4ae3509f35abb63c14bc92bf03b8cfd,Bildefil med tekst som krever OCR,
03_extreme_casefolder,03_extreme_casefolder/ocr_images/IMG_EXT_00005_scannet.tiff,image,requires_ocr,1,1,0,29bbebfd5fdd61f135944f8af13208400abac7d6bb2e2a387435494db9756f05,Bildefil med tekst som krever OCR,
03_extreme_casefolder,03_extreme_casefolder/ocr_images/IMG_EXT_00006_scannet.png,image,requires_ocr,1,1,0,714a7ab7f4f0b5c849ef62e02cf69cf5e1a100a9a18355328d55eb885bfc5b90,Bildefil med tekst som krever OCR,
03_extreme_casefolder,03_extreme_casefolder/ocr_images/IMG_EXT_00007_scannet.png,image,requires_ocr,1,1,0,862629f8a83227d5505046def26ba7e79af43cadc8ab2ab798bf3be8281dffb2,Bildefil med tekst som krever OCR,
03_extreme_casefolder,03_extreme_casefolder/ocr_images/IMG_EXT_00008_scannet.png,image,requires_ocr,1,1,0,342bd462da9354a09a778fc41496c399fd1f71e7bb39898f7f78f35efe320efd,Bildefil med tekst som krever OCR,
03_extreme_casefolder,03_extreme_casefolder/ocr_images/IMG_EXT_00009_scannet.png,image,requires_ocr,1,1,0,b9c4600f7e34289b327fc49a9dff042ea6a131850f0583f907e98e5cf5ea5afa,Bildefil med tekst som krever OCR,
03_extreme_casefolder,03_extreme_casefolder/ocr_images/IMG_EXT_00010_scannet.tiff,image,requires_ocr,1,1,0,281a09efd3ba699925ded9ce8cec665d797cf5c0617da14532cd002611cb6a70,Bildefil med tekst som krever OCR,
03_extreme_casefolder,03_extreme_casefolder/ocr_images/IMG_EXT_00011_scannet.png,image,requires_ocr,1,1,0,5c5726b4a22e338533e0e689262f9dd7a3e49364447d606875a5f578e490a134,Bildefil med tekst som krever OCR,GOLD-013
03_extreme_casefolder,03_extreme_casefolder/ocr_images/IMG_EXT_00012_scannet.png,image,requires_ocr,1,1,0,a86b4ae2520f2128d911c618b835c25a98f3318ffe681f681c7e826e3e82ba2e,Bildefil med tekst som krever OCR,
03_extreme_casefolder,03_extreme_casefolder/ocr_images/IMG_EXT_00013_scannet.png,image,requires_ocr,1,1,0,3a4e46956cad53f08fce101c477bd920772be585f9cb7302652db830cccbb540,Bildefil med tekst som krever OCR,
03_extreme_casefolder,03_extreme_casefolder/ocr_images/IMG_EXT_00014_scannet.png,image,requires_ocr,1,1,0,f087c3ab6c77c8b4c55e17087baa366718f7b7a5b6bceb2af415c3b61969b3c7,Bildefil med tekst som krever OCR,
03_extreme_casefolder,03_extreme_casefolder/ocr_images/IMG_EXT_00015_scannet.tiff,image,requires_ocr,1,1,0,f998564a621db346dfd2fb399089bc7d7f7d896d69352194f8e3016f1f6964b1,Bildefil med tekst som krever OCR,
03_extreme_casefolder,03_extreme_casefolder/ocr_images/IMG_EXT_00016_scannet.png,image,requires_ocr,1,1,0,3b8ca2024d43ba2e8d096b73724a4d8ed5f6bc38fbd3cdb443ba3acd28f1c04c,Bildefil med tekst som krever OCR,
03_extreme_casefolder,03_extreme_casefolder/ocr_images/IMG_EXT_00017_scannet.png,image,requires_ocr,1,1,0,8041ed8ff7629e239c10f900ddd6045270969ee475eba69d9c73b29a60e36b6a,Bildefil med tekst som krever OCR,
03_extreme_casefolder,03_extreme_casefolder/ocr_images/IMG_EXT_00018_scannet.png,image,requires_ocr,1,1,0,704040d3d97fb740507ebd289961850a99c1cee0ec9a8ea04e5f5ead89a232e5,Bildefil med tekst som krever OCR,
03_extreme_casefolder,03_extreme_casefolder/ocr_images/IMG_EXT_00019_scannet.png,image,requires_ocr,1,1,0,a930115e379dbad5fdb300a5ccee094246eda3e6fa3c94c2e0dd58e452de6d0b,Bildefil med tekst som krever OCR,
03_extreme_casefolder,03_extreme_casefolder/ocr_images/IMG_EXT_00020_scannet.tiff,image,requires_ocr,1,1,0,25c051bf5b879df9207ce71124fe18d3caebae80e0d071a1249f760cde78cd18,Bildefil med tekst som krever OCR,
03_extreme_casefolder,03_extreme_casefolder/bad_extreme/CORRUPT_EXT_001.pdf,corrupt_pdf,failed_or_unsupported,0,0,0,7690734c5afd5b1624d6d6517a99cb7c50c4d2b24246d9cda0e9fb6fdba6b5ec,Korrupt PDF i extreme level,
03_extreme_casefolder,03_extreme_casefolder/bad_extreme/CORRUPT_EXT_002.pdf,corrupt_pdf,failed_or_unsupported,0,0,0,c171f6723160e4b51d29ffe7404be0ef754716da5d91178dccaaebbb7031e17c,Korrupt PDF i extreme level,
03_extreme_casefolder,03_extreme_casefolder/bad_extreme/CORRUPT_EXT_003.pdf,corrupt_pdf,failed_or_unsupported,0,0,0,d59f08018192dafa920aa0d7b75c1258ff6243de79197672ed76ce3b3011c5d0,Korrupt PDF i extreme level,
03_extreme_casefolder,03_extreme_casefolder/bad_extreme/CORRUPT_EXT_004.pdf,corrupt_pdf,failed_or_unsupported,0,0,0,9f9b9cd10d4648040404d7685909c67a09176242202589433d5443e7c3bdeabf,Korrupt PDF i extreme level,
03_extreme_casefolder,03_extreme_casefolder/bad_extreme/CORRUPT_EXT_005.pdf,corrupt_pdf,failed_or_unsupported,0,0,0,22bd107e702b2adfce7a47b5b10a75fb7f6231b98efb7b787d960e0b7028c2c4,Korrupt PDF i extreme level,
03_extreme_casefolder,03_extreme_casefolder/bad_extreme/CORRUPT_EXT_006.pdf,corrupt_pdf,failed_or_unsupported,0,0,0,bd4b4f297093caa8676412d606222baf6f82c6131a976ece3ad6d5da82d231a4,Korrupt PDF i extreme level,
03_extreme_casefolder,03_extreme_casefolder/bad_extreme/CORRUPT_EXT_007.pdf,corrupt_pdf,failed_or_unsupported,0,0,0,a5ccf121ef780ff473014a754d63cab8e984c3b0edbccf393c24278a1115da1b,Korrupt PDF i extreme level,
03_extreme_casefolder,03_extreme_casefolder/bad_extreme/ZERO_EXT_001.pdf,zero_byte,failed,0,0,0,e3b0c44298fc1c149afbf4c8996fb92427ae41e4649b934ca495991b7852b855,0-byte file should not crash import,
03_extreme_casefolder,03_extreme_casefolder/bad_extreme/ZERO_EXT_002.pdf,zero_byte,failed,0,0,0,e3b0c44298fc1c149afbf4c8996fb92427ae41e4649b934ca495991b7852b855,0-byte file should not crash import,
03_extreme_casefolder,03_extreme_casefolder/bad_extreme/ZERO_EXT_003.pdf,zero_byte,failed,0,0,0,e3b0c44298fc1c149afbf4c8996fb92427ae41e4649b934ca495991b7852b855,0-byte file should not crash import,
03_extreme_casefolder,03_extreme_casefolder/bad_extreme/ZERO_EXT_004.pdf,zero_byte,failed,0,0,0,e3b0c44298fc1c149afbf4c8996fb92427ae41e4649b934ca495991b7852b855,0-byte file should not crash import,
03_extreme_casefolder,03_extreme_casefolder/bad_extreme/ZERO_EXT_005.pdf,zero_byte,failed,0,0,0,e3b0c44298fc1c149afbf4c8996fb92427ae41e4649b934ca495991b7852b855,0-byte file should not crash import,
03_extreme_casefolder,03_extreme_casefolder/unsupported/UNSUPPORTED_EXT_001.xlsx,unsupported_or_edge,failed_or_unsupported_or_warning,0,0,0,db45a633fb069fa11a7238d5e02e26e60d48df4b241b3fcaa2c73d3d84e24cbd,Unsupported/edge format for import robustness,
03_extreme_casefolder,03_extreme_casefolder/unsupported/UNSUPPORTED_EXT_002.eml,unsupported_or_edge,failed_or_unsupported_or_warning,1,0,0,57fbcb702b072a1b60e2370e404b7be3ac6f63ac789f4e3815792878a2a53aed,Unsupported/edge format for import robustness,
03_extreme_casefolder,03_extreme_casefolder/unsupported/UNSUPPORTED_EXT_003.zip,unsupported_or_edge,failed_or_unsupported_or_warning,0,0,0,0537a86768e2681b6e9946e471175c646a384e91ea046119e4b95556f6b5f25e,Unsupported/edge format for import robustness,
03_extreme_casefolder,03_extreme_casefolder/unsupported/WRONG_EXTENSION_pdf_content_as_txt.txt,unsupported_or_edge,failed_or_unsupported_or_warning,1,0,0,595964ea01334c072a59635d782ab26e481bf9aa81f6814462ecb3c9a16010d2,Unsupported/edge format for import robustness,
03_extreme_casefolder,03_extreme_casefolder/unsupported/UTF16LE_text_file.txt,unsupported_or_edge,failed_or_unsupported_or_warning,1,0,0,9a69fe6c3c42915276dce72b8a62699372a21fc810fab6dc10d47e31664e6a3e,Unsupported/edge format for import robustness,
04_failure_edge_cases,04_failure_edge_cases/00_zero_byte.pdf,zero_byte,failed,0,0,0,e3b0c44298fc1c149afbf4c8996fb92427ae41e4649b934ca495991b7852b855,0-byte file should not crash import,
04_failure_edge_cases,04_failure_edge_cases/01_corrupt_header.pdf,corrupt_pdf,failed_or_unsupported,0,0,0,9feeeb3b5957cc3c9879a213de5ee921dfc585550a236755635d4ad70b01d1d1,Broken PDF header,
04_failure_edge_cases,04_failure_edge_cases/02_random_binary.docx,corrupt_docx,failed_or_unsupported,0,0,0,8950a5edc738cccda1562d9991241e21f9088b6b9b2b49a076925d0a38eb4d0a,DOCX extension but random bytes,
04_failure_edge_cases,04_failure_edge_cases/03_very_long_single_line.txt,txt,supported,1,0,1,e9bb12485338c615247cd915feb2389a9c0393666f360585ad463442009d3a34,TXT med 2 linjer,
04_failure_edge_cases,04_failure_edge_cases/04_norwegian_filename_æøå_rapport.txt,txt,supported,1,0,1,432e6795e0df95629dad0dbba24fae4f44531803508891a69539a90c64e58039,TXT med 10 linjer,
04_failure_edge_cases,04_failure_edge_cases/05_password_like_not_encrypted_marker.pdf,pdf,supported,3,0,3,00fe51b5397fa73e1c06469129c60adc97788614d90b2a9a6c516731aa8d7351,"PDF 3 sider, 0 OCR-body-sider",
04_failure_edge_cases,04_failure_edge_cases/06_veldig_langt_filnavn_veldig_langt_filnavn_veldig_langt_filnavn_veldig_langt_filnavn_veldig_langt_filnavn_veldig_langt_filnavn_veldig_langt_filnavn_veldig_langt_filnavn_slutt.pdf,pdf,supported,2,0,2,2203755ccb31d05c460c35cbcef2f2ded2a787b7344ff397b80636c4e31ddf67,"PDF 2 sider, 0 OCR-body-sider",
